CustomerID,FirstName,LastName,Phone,Country,City,Rate,MonyTransfere,Email
2000,abdullah,zakaria,5962910242,Saudi Arabia,Jeddah,7,Debt Card,a.zakaria@email.com
2001,baraa,abazid,5092304617,Syria,Ath Thawrah,5,Hawala,b.abazid@email.com
2002,abdul,surprise,5334071782,Iraq,Irbil,4,Debt Card,a.surprise@email.com
2003,dima,darwish,5415618249,United Arab Emirates,Dubai,2,Hawala,d.darwish@email.com
2004,rene,khouri,5017329612,Iraq,An Najaf,4,Hawala,r.khouri@email.com
2005,ruba,feast,5212527451,Saudi Arabia,Al-Qatif,4,Hawala,r.feast@email.com
2006,thaer,hamouda,5432640952,Syria,Ath Thawrah,10,Master Card,t.hamouda@email.com
2007,protoplasm,sulaiman,5888241131,Iraq,Irbil,8,Western Union,p.sulaiman@email.com
2008,sarah,haidar,5431039881,Syria,Ath Thawrah,6,Hawala,s.haidar@email.com
2009,mohamed,lameni,5687467766,Saudi Arabia,Al Wajh,4,Hawala,m.lameni@email.com
2010,salam,khatib,5728317763,Egypt,Cairo,2,Western Union,s.khatib@email.com
2011,basema,recluse,5426548291,United Arab Emirates,Dubai,5,Debt Card,b.recluse@email.com
2012,dürer,pigment,5556241655,Egypt,Siwa,10,Debt Card,d.pigment@email.com
2013,ola,abbasi,5590080035,Iraq,Irbil,4,Hawala,o.abbasi@email.com
2014,rmr,hammadi,5865953529,Iraq,An Najaf,10,Hawala,r.hammadi@email.com
2015,vivian,carson,5405319766,Saudi Arabia,Al Mubarraz,5,Debt Card,v.carson@email.com
2016,doaa,snow,5102332098,Syria,Aleppo,7,Hawala,d.snow@email.com
2017,fadi,munoz,5941442593,Syria,Damascus,8,Hawala,f.munoz@email.com
2018,ali,briggs,5186732235,Syria,Damascus,8,Hawala,a.briggs@email.com
2019,parents,david,5958295804,United Arab Emirates,Dubai,10,Hawala,p.david@email.com
2020,ayham,russo,5638655829,United Arab Emirates,Abu Dhabi,10,Western Union,a.russo@email.com
2021,sandra,gilliam,5942145850,Syria,Damascus,5,Debt Card,s.gilliam@email.com
2022,omar,bass,5783436037,Egypt,El Mansura,10,Hawala,o.bass@email.com
2023,joumana,prince,5622766321,Egypt,El Mansura,6,Master Card,j.prince@email.com
2024,ibrahim,ferguson,5973389614,Syria,Ar Raqqah,6,Master Card,i.ferguson@email.com
2025,rania,guthrie,5358625113,United Arab Emirates,Al Fujayrah,6,Hawala,r.guthrie@email.com
2026,samir,vleon,5634625143,Syria,Damascus,9,Debt Card,s.vleon@email.com
2027,mohamed,tammam,5260257292,Syria,Aleppo,5,Western Union,m.tammam@email.com
2028,sami,tendon,5794501425,Syria,Damascus,9,Hawala,s.tendon@email.com
2029,abdul,shehadeh,5893910357,Iraq,Irbil,7,Hawala,a.shehadeh@email.com
2030,mohammed,tutunge,5388626640,United Arab Emirates,Dubai,3,Hawala,m.tutunge@email.com
2031,firas,jermghani,5219168540,Egypt,Siwa,7,Debt Card,f.jermghani@email.com
2032,basset,kahlous,5602668989,United Arab Emirates,Ras al Khaymah,5,Debt Card,b.kahlous@email.com
2033,david,hajos,5126953982,Iraq,Irbil,2,Hawala,d.hajos@email.com
2034,hanan,alkotaih,5694964918,Egypt,Cairo,7,Master Card,h.alkotaih@email.com
2035,mohammed,khallouf,5134140889,United Arab Emirates,Dubai,9,Master Card,m.khallouf@email.com
2036,ahmed,safadi,5028208586,Egypt,El Mansura,3,Debt Card,a.safadi@email.com
2037,karam,soliman,5457361050,United Arab Emirates,Dubai,2,Western Union,k.soliman@email.com
2038,ahmed,khoja,5991741552,Iraq,Irbil,1,Hawala,a.khoja@email.com
2039,hossam,wahab,5633478717,Saudi Arabia,Al Quwayiyah,7,Western Union,h.wahab@email.com
2040,abdullah,saadat,5630193231,Iraq,Baghdad,4,Western Union,a.saadat@email.com
2041,ghalib,kream,5294618310,Saudi Arabia,Al Mubarraz,5,Hawala,g.kream@email.com
2042,zakaria,kahil,5852489329,United Arab Emirates,Al Fujayrah,2,Debt Card,z.kahil@email.com
2043,we,rama,5621138003,Syria,Damascus,2,Debt Card,w.rama@email.com
2044,salah,francis,5302588717,United Arab Emirates,`Ajman,5,Hawala,s.francis@email.com
2045,ibrahim,huffman,5779617030,Iraq,An Najaf,5,Master Card,i.huffman@email.com
2046,ali,wade,5002952247,Saudi Arabia,Al Jubayl,6,Debt Card,a.wade@email.com
2047,hossam,bolton,5784800621,Saudi Arabia,Al Kharj,3,Hawala,h.bolton@email.com
2048,abdul,hicks,5765827003,United Arab Emirates,Umm al Qaywayn,2,Hawala,a.hicks@email.com
2049,mohammed,ochoa,5466343696,United Arab Emirates,Dubai,4,Debt Card,m.ochoa@email.com
2050,rama,gill,5421378692,Saudi Arabia,Al-Hillah,8,Master Card,r.gill@email.com
2051,abdul,pollard,5819220241,Egypt,Hurghada,8,Debt Card,a.pollard@email.com
2052,salim,waller,5653281163,Syria,Al Ladhiqiyah,3,Debt Card,s.waller@email.com
2053,alaa,estes,5583613836,United Arab Emirates,Abu Dhabi,10,Hawala,a.estes@email.com
2054,amjad,lott,5919924138,Syria,Al Qunaytirah,6,Debt Card,a.lott@email.com
2055,doaa,stevens,5032749566,Saudi Arabia,Al Wajh,1,Hawala,d.stevens@email.com
2056,rania,salas,5027733663,Syria,Aleppo,9,Hawala,r.salas@email.com
2057,karim,copeland,5895290859,Syria,Al Qamishli,2,Hawala,k.copeland@email.com
2058,visions,evans,5545229237,Saudi Arabia,Riyadh,10,Debt Card,v.evans@email.com
2059,sarah,hooper,5990510836,Iraq,Irbil,4,Master Card,s.hooper@email.com
2060,reem,patton,5612164200,Saudi Arabia,Al Quwayiyah,9,Hawala,r.patton@email.com
2061,the,little,5028967076,United Arab Emirates,Abu Dhabi,5,Western Union,t.little@email.com
2062,louay,garrett,5899807747,Iraq,Baghdad,3,Hawala,l.garrett@email.com
2063,rima,porter,5631235982,Saudi Arabia,Al Hufuf,1,Debt Card,r.porter@email.com
2064,mohammed,mendez,5965428298,Saudi Arabia,Riyadh,4,Hawala,m.mendez@email.com
2065,ahmed,simpson,5749889382,Saudi Arabia,Al-Qatif,3,Hawala,a.simpson@email.com
2066,hassan,higgins,5881146928,United Arab Emirates,Dubai,3,Debt Card,h.higgins@email.com
2067,mohammed,dorsey,5178295274,Saudi Arabia,Riyadh,3,Hawala,m.dorsey@email.com
2068,hussain,rivera,5204041720,Iraq,Baghdad,10,Western Union,h.rivera@email.com
2069,jahan,robles,5179010653,Syria,Ath Thawrah,10,Hawala,j.robles@email.com
2070,iyad,rivers,5398663660,United Arab Emirates,`Ajman,7,Master Card,i.rivers@email.com
2071,majid,ruiz,5432193452,Iraq,An Najaf,2,Debt Card,m.ruiz@email.com
2072,ranim,duncan,5945080761,United Arab Emirates,Abu Dhabi,3,Hawala,r.duncan@email.com
2073,khaldoun,mathews,5858129940,Saudi Arabia,Al Mubarraz,1,Master Card,k.mathews@email.com
2074,tarek,gregory,5497827122,Saudi Arabia,Al Mubarraz,4,Western Union,t.gregory@email.com
2075,ayman,waters,5860169155,United Arab Emirates,Umm al Qaywayn,6,Western Union,a.waters@email.com
2076,khaled,baxter,5444272334,Egypt,Cairo,6,Western Union,k.baxter@email.com
2077,jamal,price,5442654943,United Arab Emirates,Sharjah,4,Hawala,j.price@email.com
2078,maria,finley,5525095196,Saudi Arabia,Al-Hillah,2,Western Union,m.finley@email.com
2079,moroccan,church,5620424326,Egypt,Cairo,5,Hawala,m.church@email.com
2080,ahmed,graves,5134075315,Saudi Arabia,Al Quwayiyah,2,Hawala,a.graves@email.com
2081,alicia,mullins,5276026101,Syria,Aleppo,3,Master Card,a.mullins@email.com
2082,saifuddin,fulton,5959988950,Syria,Damascus,2,Western Union,s.fulton@email.com
2083,princess,tanner,5965339000,Iraq,Baghdad,9,Hawala,p.tanner@email.com
2084,sari,richmond,5297169476,Saudi Arabia,Al-Hillah,3,Hawala,s.richmond@email.com
2085,jihad,mcknight,5751307653,Egypt,Cairo,5,Master Card,j.mcknight@email.com
2086,saadia,medina,5186944208,Syria,Ath Thawrah,3,Hawala,s.medina@email.com
2087,egyptian,nixon,5495664368,Syria,Al Qunaytirah,3,Debt Card,e.nixon@email.com
2088,thaer,maldonado,5011566178,Saudi Arabia,Riyadh,7,Hawala,t.maldonado@email.com
2089,bassam,garrison,5983131485,United Arab Emirates,Dubai,3,Master Card,b.garrison@email.com
2090,hazem,burton,5312863157,Saudi Arabia,Al Jubayl,4,Hawala,h.burton@email.com
2091,ammr,olson,5537870739,Saudi Arabia,Al-Hillah,1,Hawala,a.olson@email.com
2092,mohammed,blackwell,5059725793,Iraq,An Nasiriyah,4,Master Card,m.blackwell@email.com
2093,ayham,battle,5397710155,Egypt,Siwa,5,Hawala,a.battle@email.com
2094,ali,schroeder,5903811819,Saudi Arabia,Riyadh,10,Western Union,a.schroeder@email.com
2095,acemah,dominguez,5541011170,Egypt,El Mansura,8,Master Card,a.dominguez@email.com
2096,mohammed,dejesus,5083384083,Saudi Arabia,Al Hufuf,4,Hawala,m.dejesus@email.com
2097,raafat,carver,5940817291,United Arab Emirates,Dubai,7,Western Union,r.carver@email.com
2098,lana,mitchell,5890767802,Syria,Damascus,1,Hawala,l.mitchell@email.com
2099,kinda,lindsay,5029860976,Saudi Arabia,Al Quwayiyah,9,Master Card,k.lindsay@email.com
2100,tariq,bass,5814998524,Saudi Arabia,Riyadh,9,Hawala,t.bass@email.com
2101,mohammed,nieves,5942960868,Saudi Arabia,Al Kharj,1,Hawala,m.nieves@email.com
2102,hossam,macias,5449279492,United Arab Emirates,Dubai,2,Hawala,h.macias@email.com
2103,mohammed,burke,5843160199,Saudi Arabia,Al Hufuf,7,Master Card,m.burke@email.com
2104,spring,carr,5045886544,Saudi Arabia,Al Hufuf,2,Hawala,s.carr@email.com
2105,allow,terry,5434452474,Iraq,Baghdad,6,Western Union,a.terry@email.com
2106,mohammed,mcmillan,5820815329,Saudi Arabia,Al Kharj,9,Hawala,m.mcmillan@email.com
2107,bilal,cruz,5741820621,Iraq,Mosul,2,Hawala,b.cruz@email.com
2108,hanan,booth,5078086030,Syria,Ath Thawrah,8,Hawala,h.booth@email.com
2109,lubna,estes,5001989948,Iraq,Baghdad,6,Hawala,l.estes@email.com
2110,ferial,carr,5521099011,Syria,Aleppo,5,Western Union,f.carr@email.com
2111,aisha,orr,5980091054,Syria,Al Qunaytirah,8,Debt Card,a.orr@email.com
2112,ibrahim,kelly,5932167107,Saudi Arabia,Al-Hillah,3,Hawala,i.kelly@email.com
2113,lama,fry,5298894981,United Arab Emirates,`Ajman,7,Hawala,l.fry@email.com
2114,mohamed,jenkins,5975940030,Egypt,Suez,8,Debt Card,m.jenkins@email.com
2115,moammer,noble,5441848198,Saudi Arabia,Al Quwayiyah,6,Western Union,m.noble@email.com
2116,sandra,kim,5098630178,Saudi Arabia,Abha,8,Hawala,s.kim@email.com
2117,ahmed,buck,5747965263,Iraq,Mosul,2,Western Union,a.buck@email.com
2118,evelyn,melendez,5056162838,Saudi Arabia,Al Kharj,9,Debt Card,e.melendez@email.com
2119,george,ruiz,5148288954,Iraq,An Najaf,7,Master Card,g.ruiz@email.com
2120,hussein,phelps,5498934582,Saudi Arabia,Ad Damman,4,Hawala,h.phelps@email.com
2121,bilal,flores,5013918026,Syria,Al Qunaytirah,10,Master Card,b.flores@email.com
2122,madeleine,sanford,5508699569,Syria,Al Ladhiqiyah,10,Hawala,m.sanford@email.com
2123,powered,pennington,5514795052,Iraq,An Nasiriyah,3,Hawala,p.pennington@email.com
2124,mohammed,monroe,5965641548,Saudi Arabia,Al-Qatif,1,Hawala,m.monroe@email.com
2125,sherihan,moses,5074827197,Syria,Al Ladhiqiyah,4,Debt Card,s.moses@email.com
2126,ayham,velasquez,5741021934,Syria,Ath Thawrah,2,Hawala,a.velasquez@email.com
2127,mohammed,woods,5326803974,Iraq,An Najaf,8,Master Card,m.woods@email.com
2128,rowan,palmer,5451182204,Iraq,An Nasiriyah,3,Hawala,r.palmer@email.com
2129,mohammad,banks,5487006716,Syria,Damascus,7,Hawala,m.banks@email.com
2130,amer,jarvis,5327994350,Iraq,Baghdad,2,Hawala,a.jarvis@email.com
2131,samer,ruiz,5619887074,Iraq,Irbil,2,Hawala,s.ruiz@email.com
2132,amr,cantrell,5271096318,Saudi Arabia,Ad Damman,7,Debt Card,a.cantrell@email.com
2133,khaldoun,whitney,5139292468,United Arab Emirates,`Ajman,7,Western Union,k.whitney@email.com
2134,fouad,rogers,5983517127,Saudi Arabia,Riyadh,3,Western Union,f.rogers@email.com
2135,luna,guzman,5372175622,Saudi Arabia,Al-Hillah,4,Western Union,l.guzman@email.com
2136,ahmed,fletcher,5913795363,United Arab Emirates,Al Fujayrah,5,Debt Card,a.fletcher@email.com
2137,habib,love,5857702088,United Arab Emirates,Dubai,7,Master Card,h.love@email.com
2138,judge,mendez,5590619020,Saudi Arabia,Al Kharj,4,Hawala,j.mendez@email.com
2139,batool,christensen,5865756995,United Arab Emirates,Al Ayn,3,Debt Card,b.christensen@email.com
2140,mohammed,wall,5389162129,Iraq,An Nasiriyah,3,Hawala,m.wall@email.com
2141,morning,dawson,5365496569,Egypt,El Mansura,8,Debt Card,m.dawson@email.com
2142,bassam,haney,5592840791,Iraq,Irbil,1,Hawala,b.haney@email.com
2143,omar,mcfadden,5632383419,Syria,Al Ladhiqiyah,1,Western Union,o.mcfadden@email.com
2144,shadi,nicholson,5009024169,Egypt,El Mansura,7,Hawala,s.nicholson@email.com
2145,salahuddin,simon,5541874673,United Arab Emirates,Sharjah,10,Master Card,s.simon@email.com
2146,anwar,guerra,5895102807,United Arab Emirates,Sharjah,5,Western Union,a.guerra@email.com
2147,bilal,morrison,5501551187,Egypt,El Daba,6,Western Union,b.morrison@email.com
2148,kinda,bray,5526393888,Iraq,An Nasiriyah,3,Western Union,k.bray@email.com
2149,ismail,hutchinson,5722303549,United Arab Emirates,Abu Dhabi,8,Master Card,i.hutchinson@email.com
2150,ms.,ellis,5094132242,United Arab Emirates,Dubai,4,Hawala,m.ellis@email.com
2151,mohammed,head,5401425803,Egypt,Cairo,9,Hawala,m.head@email.com
2152,mohammed,faulkner,5261125356,Syria,Aleppo,5,Debt Card,m.faulkner@email.com
2153,peace,berry,5599219971,Saudi Arabia,Abha,10,Hawala,p.berry@email.com
2154,mohamed,boyle,5229838921,Iraq,Baghdad,8,Hawala,m.boyle@email.com
2155,said,booth,5700970471,Iraq,Irbil,7,Hawala,s.booth@email.com
2156,omar,massey,5865760889,Saudi Arabia,Jeddah,9,Master Card,o.massey@email.com
2157,safa,whitfield,5144195000,United Arab Emirates,Abu Dhabi,8,Master Card,s.whitfield@email.com
2158,abdel,workman,5338768451,Saudi Arabia,Al Hufuf,8,Debt Card,a.workman@email.com
2159,mohammed,ayers,5436648152,Egypt,El Daba,3,Western Union,m.ayers@email.com
2160,mazen,skinner,5112224042,Egypt,El Mansura,7,Hawala,m.skinner@email.com
2161,amer,sexton,5474679380,United Arab Emirates,Dubai,10,Debt Card,a.sexton@email.com
2162,alaa,mcneil,5994074542,Iraq,An Najaf,1,Hawala,a.mcneil@email.com
2163,lilas,mcmillan,5168798723,Syria,Dayr az Zawr,7,Master Card,l.mcmillan@email.com
2164,ali,jones,5731155825,United Arab Emirates,`Ajman,6,Hawala,a.jones@email.com
2165,omar,whitaker,5594628224,Egypt,El Mansura,5,Master Card,o.whitaker@email.com
2166,doaa,case,5552030200,Egypt,Siwa,8,Hawala,d.case@email.com
2167,supporter,vasquez,5643560108,Syria,Ath Thawrah,9,Western Union,s.vasquez@email.com
2168,diana,velez,5692391968,Iraq,An Najaf,9,Hawala,d.velez@email.com
2169,mohammed,harper,5024065127,Syria,Ar Raqqah,5,Western Union,m.harper@email.com
2170,ruba,blevins,5309005205,Saudi Arabia,Abha,5,Hawala,r.blevins@email.com
2171,rasha,roman,5849754806,Syria,Al Ladhiqiyah,3,Hawala,r.roman@email.com
2172,bilal,goodwin,5340337331,Syria,Aleppo,4,Debt Card,b.goodwin@email.com
2173,mohamed,schultz,5137498583,Saudi Arabia,Al Hufuf,4,Master Card,m.schultz@email.com
2174,amer,little,5158469456,Saudi Arabia,Al-Qatif,9,Debt Card,a.little@email.com
2175,ahmed,wooten,5695107712,Syria,Damascus,5,Hawala,a.wooten@email.com
2176,lance,horton,5128930151,Saudi Arabia,Al-Hillah,9,Hawala,l.horton@email.com
2177,as,hanson,5386719195,Syria,Al Qamishli,2,Debt Card,a.hanson@email.com
2178,alaa,haynes,5327837739,Syria,Al Qamishli,7,Master Card,a.haynes@email.com
2179,alaa,carr,5473679073,Egypt,El Mansura,5,Hawala,a.carr@email.com
2180,waistband,perry,5175120652,United Arab Emirates,Sharjah,9,Hawala,w.perry@email.com
2181,fadi,shepherd,5272464974,United Arab Emirates,Al Fujayrah,5,Hawala,f.shepherd@email.com
2182,samer,lloyd,5106786453,Saudi Arabia,Ad Damman,2,Master Card,s.lloyd@email.com
2183,ahmed,huff,5079024902,Iraq,Baghdad,9,Debt Card,a.huff@email.com
2184,somayya,wynn,5100741850,Iraq,Baghdad,8,Hawala,s.wynn@email.com
2185,samir,camacho,5500354122,Saudi Arabia,Jeddah,1,Hawala,s.camacho@email.com
2186,spring,pacheco,5502043604,Syria,Al Qunaytirah,4,Western Union,s.pacheco@email.com
2187,loay,macdonald,5740217378,Saudi Arabia,Al-Qatif,8,Hawala,l.macdonald@email.com
2188,lamia,guerra,5055653712,Saudi Arabia,Al Wajh,5,Hawala,l.guerra@email.com
2189,obeida,vaughan,5177604650,United Arab Emirates,Umm al Qaywayn,3,Debt Card,o.vaughan@email.com
2190,fadi,pugh,5765357847,Syria,Al Qamishli,10,Hawala,f.pugh@email.com
2191,acer's,sloan,5602811332,Syria,Al Ladhiqiyah,9,Hawala,a.sloan@email.com
2192,mohammed,gates,5754681264,United Arab Emirates,Al Ayn,10,Master Card,m.gates@email.com
2193,tariq,cook,5290183370,Egypt,Cairo,7,Hawala,t.cook@email.com
2194,salwa,prince,5576919534,Saudi Arabia,Al Jubayl,9,Master Card,s.prince@email.com
2195,malik,medina,5972933409,Saudi Arabia,Al Mubarraz,5,Hawala,m.medina@email.com
2196,samir,carson,5551581769,Syria,Dayr az Zawr,10,Debt Card,s.carson@email.com
2197,sultan,franks,5127981290,United Arab Emirates,Abu Dhabi,6,Master Card,s.franks@email.com
2198,ahmed,tyson,5632838921,Iraq,Irbil,6,Debt Card,a.tyson@email.com
2199,mohammed,martinez,5555349817,Iraq,An Najaf,10,Western Union,m.martinez@email.com
2200,judge,tate,5815319436,Syria,Dayr az Zawr,2,Hawala,j.tate@email.com
2201,dana,robbins,5921238682,Iraq,Baqubah,10,Debt Card,d.robbins@email.com
2202,sana,noel,5043494518,Saudi Arabia,Al-Hillah,4,Master Card,s.noel@email.com
2203,mohammed,mclean,5644048087,Saudi Arabia,Jeddah,2,Debt Card,m.mclean@email.com
2204,muhammad,meyer,5974267383,Egypt,Siwa,5,Hawala,m.meyer@email.com
2205,believer,love,5085311603,Saudi Arabia,Ad Damman,6,Hawala,b.love@email.com
2206,mohammed,russell,5262031370,Syria,Dayr az Zawr,1,Hawala,m.russell@email.com
2207,mohammad,rich,5197961672,Saudi Arabia,Ad Damman,6,Hawala,m.rich@email.com
2208,mohammed,gilliam,5768576495,United Arab Emirates,Al Ayn,9,Master Card,m.gilliam@email.com
2209,lance,cotton,5750752942,United Arab Emirates,Abu Dhabi,2,Debt Card,l.cotton@email.com
2210,shatha,rowland,5517896353,Syria,As Suwayda,5,Debt Card,s.rowland@email.com
2211,ayham,carver,5523643301,Egypt,El Mansura,10,Hawala,a.carver@email.com
2212,alaa,cummings,5419971891,Saudi Arabia,Ad Damman,1,Debt Card,a.cummings@email.com
2213,mohammed,william,5355966354,United Arab Emirates,Abu Dhabi,2,Hawala,m.william@email.com
2214,mohammed,glover,5777197248,Syria,Ath Thawrah,4,Western Union,m.glover@email.com
2215,maher,emerson,5733487404,Syria,Al Ladhiqiyah,3,Hawala,m.emerson@email.com
2216,lord,weiss,5720068735,Syria,Ath Thawrah,9,Hawala,l.weiss@email.com
2217,abdul,morse,5562414177,Saudi Arabia,Al Mubarraz,2,Hawala,a.morse@email.com
2218,hassan,rojas,5464751026,Iraq,Baghdad,7,Hawala,h.rojas@email.com
2219,ammar,benjamin,5274305425,Egypt,Cairo,7,Western Union,a.benjamin@email.com
2220,saleh,gibson,5176748412,Saudi Arabia,Abha,5,Western Union,s.gibson@email.com
2221,sameer,phelps,5816512268,Syria,Aleppo,1,Debt Card,s.phelps@email.com
2222,mazen,lloyd,5880756645,Saudi Arabia,Al-Hillah,4,Western Union,m.lloyd@email.com
2223,bashar,rasmussen,5951446210,Syria,Aleppo,1,Debt Card,b.rasmussen@email.com
2224,bilal,boyer,5338603362,United Arab Emirates,Al Ayn,8,Hawala,b.boyer@email.com
2225,zia,burton,5695667941,Syria,Al Ladhiqiyah,2,Western Union,z.burton@email.com
2226,qasem,wade,5862291007,Iraq,Irbil,2,Hawala,q.wade@email.com
2227,hussein,goff,5033994284,Egypt,Cairo,6,Western Union,h.goff@email.com
2228,please,huber,5957278997,Iraq,Mosul,4,Debt Card,p.huber@email.com
2229,ruba,estrada,5896102499,Iraq,Baghdad,8,Western Union,r.estrada@email.com
2230,mohammed,bullock,5010517719,Egypt,Siwa,8,Hawala,m.bullock@email.com
2231,mohammed,cooper,5568893912,Syria,Ar Raqqah,2,Debt Card,m.cooper@email.com
2232,lena,ellis,5907408311,Iraq,Irbil,10,Western Union,l.ellis@email.com
2233,basil,melendez,5804804109,Saudi Arabia,Al-Hillah,7,Debt Card,b.melendez@email.com
2234,mohamed,miller,5851791277,Egypt,Siwa,9,Hawala,m.miller@email.com
2235,ammar,rich,5467092791,Saudi Arabia,Al-Hillah,4,Western Union,a.rich@email.com
2236,ali,mosley,5272168284,Iraq,An Nasiriyah,8,Master Card,a.mosley@email.com
2237,tala,donovan,5931289264,Syria,Dar'a,10,Debt Card,t.donovan@email.com
2238,rubina,bowman,5497215959,Iraq,An Najaf,8,Master Card,r.bowman@email.com
2239,glory,dillon,5551064977,Saudi Arabia,Al Wajh,5,Debt Card,g.dillon@email.com
2240,ramzi,jarvis,5081056483,Syria,Damascus,9,Master Card,r.jarvis@email.com
2241,diana,johnston,5898217827,Syria,Al Ladhiqiyah,2,Western Union,d.johnston@email.com
2242,mohammed,fox,5148673320,Saudi Arabia,Al Quwayiyah,1,Hawala,m.fox@email.com
2243,mohammad,jordan,5890180487,United Arab Emirates,Al Ayn,8,Western Union,m.jordan@email.com
2244,powered,paul,5521690420,Egypt,El Daba,9,Hawala,p.paul@email.com
2245,doaa,dejesus,5510281773,Syria,Dayr az Zawr,1,Hawala,d.dejesus@email.com
2246,mohammed,anthony,5097578852,United Arab Emirates,Al Ayn,10,Debt Card,m.anthony@email.com
2247,firas,shepherd,5662728387,United Arab Emirates,Al Ayn,4,Master Card,f.shepherd@email.com
2248,raghad,wheeler,5196053668,Syria,As Suwayda,9,Master Card,r.wheeler@email.com
2249,ahmed,weber,5537389423,Saudi Arabia,Al Mubarraz,2,Western Union,a.weber@email.com
2250,iyad,barnes,5780301712,Egypt,El Mansura,7,Debt Card,i.barnes@email.com
2251,mohamed,garrison,5973266759,Saudi Arabia,Al Mubarraz,6,Master Card,m.garrison@email.com
2252,randa,sims,5690703296,Saudi Arabia,Al-Hillah,3,Hawala,r.sims@email.com
2253,mohammed,hughes,5004527982,Saudi Arabia,Al-Qatif,3,Western Union,m.hughes@email.com
2254,tariq,pacheco,5486233045,Syria,Al Ladhiqiyah,3,Hawala,t.pacheco@email.com
2255,radwan,gillespie,5672381059,Syria,Aleppo,1,Hawala,r.gillespie@email.com
2256,lamis,lopez,5728123325,Saudi Arabia,Al Wajh,8,Western Union,l.lopez@email.com
2257,iyad,petersen,5597564944,Saudi Arabia,Al-Hillah,8,Hawala,i.petersen@email.com
2258,maya,walker,5413817109,Syria,Damascus,9,Western Union,m.walker@email.com
2259,nita,snow,5653095070,United Arab Emirates,Abu Dhabi,6,Debt Card,n.snow@email.com
2260,mohammad,foreman,5680552872,Saudi Arabia,Al Quwayiyah,5,Debt Card,m.foreman@email.com
2261,macaulay,hurst,5717903134,Saudi Arabia,Al Mubarraz,10,Debt Card,m.hurst@email.com
2262,stone,bruce,5725698544,Saudi Arabia,Al Kharj,2,Hawala,s.bruce@email.com
2263,wanda,may,5409933883,Iraq,Baghdad,10,Master Card,w.may@email.com
2264,beatrice,key,5192260300,Saudi Arabia,Ad Damman,2,Master Card,b.key@email.com
2265,lamar,salazar,5243904528,United Arab Emirates,Umm al Qaywayn,5,Hawala,l.salazar@email.com
2266,lacey,glass,5815700914,Iraq,Baghdad,4,Debt Card,l.glass@email.com
2267,isaiah,hampton,5150329672,Saudi Arabia,Al-Hillah,10,Master Card,i.hampton@email.com
2268,isaiah,robertson,5512090198,United Arab Emirates,Dubai,4,Western Union,i.robertson@email.com
2269,clementine,carpenter,5323834815,Syria,Al Qamishli,7,Hawala,c.carpenter@email.com
2270,dillon,le,5186654532,Saudi Arabia,Riyadh,2,Master Card,d.le@email.com
2271,gregory,moody,5893591235,Saudi Arabia,Al Qunfudhah,6,Hawala,g.moody@email.com
2272,hilel,dillard,5203711351,Saudi Arabia,Ad Damman,8,Hawala,h.dillard@email.com
2273,gannon,pena,5311313825,Syria,Damascus,5,Hawala,g.pena@email.com
2274,noble,wong,5180286795,Egypt,Suez,5,Debt Card,n.wong@email.com
2275,jaime,blake,5172530205,United Arab Emirates,Al Fujayrah,8,Debt Card,j.blake@email.com
2276,cherokee,cameron,5274905160,United Arab Emirates,Dubai,7,Master Card,c.cameron@email.com
2277,keiko,carrillo,5257315308,Iraq,An Nasiriyah,6,Hawala,k.carrillo@email.com
2278,paul,gutierrez,5945128205,Saudi Arabia,Al Jubayl,10,Western Union,p.gutierrez@email.com
2279,daphne,gonzales,5039382108,Iraq,Baghdad,9,Hawala,d.gonzales@email.com
2280,alika,good,5688525420,Egypt,Hurghada,5,Debt Card,a.good@email.com
2281,nolan,david,5664572398,Syria,Dayr az Zawr,9,Master Card,n.david@email.com
2282,donovan,beck,5659121907,Syria,Al Qamishli,2,Debt Card,d.beck@email.com
2283,neve,mitchell,5920175629,Iraq,Irbil,5,Hawala,n.mitchell@email.com
2284,rana,dale,5516433960,Egypt,Siwa,7,Debt Card,r.dale@email.com
2285,merrill,hogan,5771014120,Iraq,Baghdad,2,Hawala,m.hogan@email.com
2286,martina,leach,5476254725,Syria,Aleppo,4,Western Union,m.leach@email.com
2287,malcolm,bridges,5224096551,Iraq,Baqubah,7,Hawala,m.bridges@email.com
2288,yoko,holt,5102850822,Saudi Arabia,Al Kharj,2,Hawala,y.holt@email.com
2289,leandra,delaney,5058535819,Saudi Arabia,Abha,2,Master Card,l.delaney@email.com
2290,xander,mcconnell,5359343948,Saudi Arabia,Ad Damman,5,Western Union,x.mcconnell@email.com
2291,adele,fletcher,5631975646,Syria,Aleppo,7,Hawala,a.fletcher@email.com
2292,maryam,gutierrez,5815709401,Iraq,An Nasiriyah,6,Hawala,m.gutierrez@email.com
2293,mira,mcintyre,5428172332,Iraq,An Najaf,8,Hawala,m.mcintyre@email.com
2294,jerome,oconnor,5634214319,Saudi Arabia,Al-Qatif,8,Debt Card,j.oconnor@email.com
2295,gloria,lewis,5926741451,Egypt,El Mansura,3,Western Union,g.lewis@email.com
2296,adena,cox,5183560670,Iraq,Mosul,3,Hawala,a.cox@email.com
2297,devin,clark,5593875860,Syria,Dayr az Zawr,5,Master Card,d.clark@email.com
2298,kelsie,mckenzie,5552446622,United Arab Emirates,Umm al Qaywayn,7,Western Union,k.mckenzie@email.com
2299,ariel,carney,5759468052,Syria,Ar Raqqah,6,Hawala,a.carney@email.com
2300,amelia,pace,5924895000,Syria,Dayr az Zawr,1,Master Card,a.pace@email.com
2301,kadeem,carroll,5642816429,Saudi Arabia,Abha,1,Hawala,k.carroll@email.com
2302,daphne,odonnell,5032156901,Saudi Arabia,Al Hufuf,8,Hawala,d.odonnell@email.com
2303,ahmed,tate,5412863986,Saudi Arabia,Al-Qatif,7,Debt Card,a.tate@email.com
2304,william,swanson,5907435382,United Arab Emirates,Dubai,10,Debt Card,w.swanson@email.com
2305,erich,paul,5232734168,Saudi Arabia,Ad Damman,2,Hawala,e.paul@email.com
2306,noah,adkins,5938472700,Egypt,El Mansura,1,Master Card,n.adkins@email.com
2307,lester,walsh,5872080944,Saudi Arabia,Al Mubarraz,4,Master Card,l.walsh@email.com
2308,deborah,rios,5286216469,Saudi Arabia,Al Jubayl,3,Debt Card,d.rios@email.com
2309,isaiah,mcguire,5756260905,Egypt,El Mansura,1,Western Union,i.mcguire@email.com
2310,adele,cantu,5883326142,Saudi Arabia,Al-Qatif,7,Hawala,a.cantu@email.com
2311,christian,rose,5277878225,Saudi Arabia,Al Jubayl,4,Hawala,c.rose@email.com
2312,nehru,santiago,5697275487,United Arab Emirates,Dubai,8,Master Card,n.santiago@email.com
2313,ezra,mccormick,5227090060,Syria,Ath Thawrah,4,Debt Card,e.mccormick@email.com
2314,allistair,conrad,5703343813,Syria,Dayr az Zawr,10,Western Union,a.conrad@email.com
2315,clayton,figueroa,5041624871,Syria,Dayr az Zawr,3,Debt Card,c.figueroa@email.com
2316,mona,walter,5820527015,Saudi Arabia,Jeddah,2,Master Card,m.walter@email.com
2317,ali,walker,5642928634,Saudi Arabia,Riyadh,10,Master Card,a.walker@email.com
2318,jade,witt,5044360265,Iraq,Irbil,1,Western Union,j.witt@email.com
2319,beatrice,gilbert,5354340487,Egypt,Hurghada,8,Master Card,b.gilbert@email.com
2320,guinevere,mayer,5229239311,Syria,Al Ladhiqiyah,1,Debt Card,g.mayer@email.com
2321,jordan,hendricks,5229984555,Saudi Arabia,Al Hufuf,8,Master Card,j.hendricks@email.com
2322,deanna,black,5641802819,Saudi Arabia,Riyadh,3,Hawala,d.black@email.com
2323,byron,bean,5059319571,United Arab Emirates,Abu Dhabi,8,Hawala,b.bean@email.com
2324,sage,fitzgerald,5208624112,Iraq,Irbil,1,Master Card,s.fitzgerald@email.com
2325,hollee,hayden,5070975580,Syria,Dayr az Zawr,10,Hawala,h.hayden@email.com
2326,yolanda,chapman,5073466168,Iraq,Irbil,2,Hawala,y.chapman@email.com
2327,ella,hurley,5262087415,United Arab Emirates,Umm al Qaywayn,9,Hawala,e.hurley@email.com
2328,madison,robinson,5295704463,Syria,Ath Thawrah,10,Master Card,m.robinson@email.com
2329,palmer,sykes,5783196253,Saudi Arabia,Al Hufuf,6,Western Union,p.sykes@email.com
2330,gemma,malone,5821913900,Saudi Arabia,Riyadh,4,Western Union,g.malone@email.com
2331,erasmus,craft,5420203294,Syria,Damascus,1,Hawala,e.craft@email.com
2332,kieran,dalton,5216078977,Syria,Dayr az Zawr,7,Hawala,k.dalton@email.com
2333,abbot,woodward,5768880627,Syria,Dayr az Zawr,1,Hawala,a.woodward@email.com
2334,owen,mercer,5032717205,Syria,Ath Thawrah,3,Western Union,o.mercer@email.com
2335,juliet,wells,5807732380,Egypt,El Mansura,1,Master Card,j.wells@email.com
2336,colorado,acosta,5321836199,Saudi Arabia,Abha,8,Western Union,c.acosta@email.com
2337,donovan,burgess,5201571078,Saudi Arabia,Al-Qatif,4,Western Union,d.burgess@email.com
2338,reuben,rosa,5413974491,United Arab Emirates,Abu Dhabi,4,Hawala,r.rosa@email.com
2339,candace,clay,5391047932,Syria,Aleppo,4,Master Card,c.clay@email.com
2340,tanner,stafford,5029464022,Saudi Arabia,Al Jubayl,2,Western Union,t.stafford@email.com
2341,suki,reeves,5324906312,Syria,Al Ladhiqiyah,7,Hawala,s.reeves@email.com
2342,nero,mcdowell,5647586891,Saudi Arabia,Al-Hillah,8,Hawala,n.mcdowell@email.com
2343,harding,stuart,5104024799,Iraq,An Nasiriyah,6,Master Card,h.stuart@email.com
2344,dexter,ramirez,5773121733,Syria,Ath Thawrah,9,Hawala,d.ramirez@email.com
2345,colleen,mccullough,5270671215,Saudi Arabia,Al-Hillah,10,Western Union,c.mccullough@email.com
2346,trevor,ortega,5142127946,Syria,Al Qamishli,7,Hawala,t.ortega@email.com
2347,kameko,giles,5718293118,Saudi Arabia,Jeddah,10,Hawala,k.giles@email.com
2348,ebony,pope,5028417900,Saudi Arabia,Al Mubarraz,3,Hawala,e.pope@email.com
2349,price,puckett,5800996307,Iraq,An Najaf,5,Hawala,p.puckett@email.com
2350,kelsey,chandler,5098461629,Iraq,An Najaf,6,Master Card,k.chandler@email.com
2351,reed,turner,5938101776,United Arab Emirates,Ras al Khaymah,7,Western Union,r.turner@email.com
2352,luke,crawford,5228456248,Iraq,An Najaf,5,Debt Card,l.crawford@email.com
2353,ivana,howard,5709791836,Egypt,Hurghada,10,Hawala,i.howard@email.com
2354,cadman,pugh,5871833167,Syria,Dayr az Zawr,3,Hawala,c.pugh@email.com
2355,jena,pickett,5656102004,Egypt,Hurghada,5,Hawala,j.pickett@email.com
2356,merrill,baldwin,5321631829,Saudi Arabia,Al Quwayiyah,10,Hawala,m.baldwin@email.com
2357,hayes,walter,5362778009,Iraq,Mosul,1,Master Card,h.walter@email.com
2358,juliet,orr,5557931017,Egypt,El Daba,10,Debt Card,j.orr@email.com
2359,aaron,lopez,5964029893,Egypt,Cairo,2,Hawala,a.lopez@email.com
2360,raya,mcleod,5436418972,Syria,Al Qunaytirah,4,Debt Card,r.mcleod@email.com
2361,walker,guerrero,5919948177,Egypt,Hurghada,3,Debt Card,w.guerrero@email.com
2362,leonard,rosales,5111565507,Saudi Arabia,Al Mubarraz,10,Hawala,l.rosales@email.com
2363,daniel,mckinney,5598642188,Syria,Ath Thawrah,9,Western Union,d.mckinney@email.com
2364,renee,small,5091119977,Iraq,Baghdad,7,Hawala,r.small@email.com
2365,quinn,reed,5794930487,Saudi Arabia,Al-Hillah,8,Debt Card,q.reed@email.com
2366,jack,coffey,5937947783,United Arab Emirates,Abu Dhabi,9,Debt Card,j.coffey@email.com
2367,raphael,walls,5860420445,Egypt,El Daba,3,Hawala,r.walls@email.com
2368,macon,acevedo,5307366159,Iraq,An Najaf,6,Master Card,m.acevedo@email.com
2369,patrick,fry,5288142672,Egypt,Cairo,3,Master Card,p.fry@email.com
2370,seth,pate,5484079376,United Arab Emirates,Dubai,8,Debt Card,s.pate@email.com
2371,melanie,pittman,5408260117,Syria,Al Ladhiqiyah,9,Hawala,m.pittman@email.com
2372,ivor,ward,5651862111,Saudi Arabia,Al Jubayl,6,Master Card,i.ward@email.com
2373,adam,acosta,5206017647,Iraq,Irbil,3,Western Union,a.acosta@email.com
2374,judah,bowers,5354911546,Syria,Ath Thawrah,10,Master Card,j.bowers@email.com
2375,chava,pruitt,5654985513,Iraq,An Nasiriyah,4,Hawala,c.pruitt@email.com
2376,candace,ortega,5482316346,Saudi Arabia,Al Mubarraz,8,Western Union,c.ortega@email.com
2377,delilah,pollard,5928334615,Saudi Arabia,Al Hufuf,4,Hawala,d.pollard@email.com
2378,aidan,walters,5868781997,Egypt,El Daba,6,Western Union,a.walters@email.com
2379,chiquita,rush,5699747162,Egypt,Siwa,10,Debt Card,c.rush@email.com
2380,noelani,vaughn,5998038856,Syria,Al Ladhiqiyah,9,Western Union,n.vaughn@email.com
2381,stuart,ward,5756782786,Iraq,Baghdad,9,Hawala,s.ward@email.com
2382,molly,flores,5495489545,Saudi Arabia,Al Mubarraz,1,Hawala,m.flores@email.com
2383,emi,lyons,5239333295,Iraq,Baghdad,2,Debt Card,e.lyons@email.com
2384,orlando,richards,5021145337,Saudi Arabia,Al Wajh,5,Western Union,o.richards@email.com
2385,igor,avery,5380975829,Syria,Aleppo,7,Hawala,i.avery@email.com
2386,trevor,hodges,5532409072,Iraq,Baghdad,9,Master Card,t.hodges@email.com
2387,minerva,berg,5510348899,Saudi Arabia,Al-Qatif,7,Hawala,m.berg@email.com
2388,farrah,clemons,5772287028,United Arab Emirates,Dubai,7,Master Card,f.clemons@email.com
2389,driscoll,dunn,5118057773,United Arab Emirates,Dubai,4,Master Card,d.dunn@email.com
2390,petra,boyle,5627764087,United Arab Emirates,Dubai,9,Master Card,p.boyle@email.com
2391,cameron,castaneda,5086075771,United Arab Emirates,Al Ayn,6,Hawala,c.castaneda@email.com
2392,tyrone,cleveland,5594389492,Saudi Arabia,Ad Damman,7,Western Union,t.cleveland@email.com
2393,leilani,durham,5315158756,Iraq,An Najaf,7,Debt Card,l.durham@email.com
2394,irene,foley,5012225523,Saudi Arabia,Al-Hillah,4,Debt Card,i.foley@email.com
2395,britanney,cleveland,5065762295,Iraq,Mosul,3,Western Union,b.cleveland@email.com
2396,conan,chambers,5040392459,Saudi Arabia,Al-Hillah,6,Hawala,c.chambers@email.com
2397,aubrey,reynolds,5125109089,Saudi Arabia,Al Kharj,6,Hawala,a.reynolds@email.com
2398,ian,flores,5718071906,Saudi Arabia,Al Jubayl,8,Hawala,i.flores@email.com
2399,tanisha,mcmahon,5306833765,Syria,Al Qamishli,8,Hawala,t.mcmahon@email.com
2400,india,tucker,5202171774,Saudi Arabia,Al Qunfudhah,5,Debt Card,i.tucker@email.com
2401,kelly,bruce,5194975406,Saudi Arabia,Al Hufuf,8,Hawala,k.bruce@email.com
2402,quinn,rose,5546964949,Saudi Arabia,Al Jubayl,1,Western Union,q.rose@email.com
2403,rhona,moon,5515274438,Saudi Arabia,Riyadh,3,Debt Card,r.moon@email.com
2404,noble,bowen,5633630934,Syria,Dayr az Zawr,3,Master Card,n.bowen@email.com
2405,kyra,barr,5423205060,Saudi Arabia,Al Mubarraz,5,Debt Card,k.barr@email.com
2406,coby,kaufman,5234840687,Syria,Aleppo,1,Debt Card,c.kaufman@email.com
2407,zia,evans,5546369773,United Arab Emirates,Ras al Khaymah,4,Debt Card,z.evans@email.com
2408,evangeline,holt,5764261081,United Arab Emirates,Umm al Qaywayn,10,Debt Card,e.holt@email.com
2409,chaim,freeman,5881181524,United Arab Emirates,Abu Dhabi,5,Hawala,c.freeman@email.com
2410,seth,haynes,5930339484,Iraq,Irbil,7,Debt Card,s.haynes@email.com
2411,hyacinth,crawford,5574576672,Egypt,Siwa,6,Hawala,h.crawford@email.com
2412,cain,mason,5330814802,Iraq,Baghdad,7,Debt Card,c.mason@email.com
2413,warren,york,5791408373,Syria,Ath Thawrah,10,Hawala,w.york@email.com
2414,vivien,goff,5963454887,United Arab Emirates,Dubai,9,Master Card,v.goff@email.com
2415,denton,pearson,5017099267,Syria,Ath Thawrah,7,Master Card,d.pearson@email.com
2416,igor,cunningham,5347016967,Syria,Al Qamishli,7,Master Card,i.cunningham@email.com
2417,marny,banks,5642024638,Egypt,Hurghada,7,Hawala,m.banks@email.com
2418,hedwig,paul,5354715958,Saudi Arabia,Al Wajh,10,Hawala,h.paul@email.com
2419,delilah,cervantes,5701961321,United Arab Emirates,Al Fujayrah,1,Hawala,d.cervantes@email.com
2420,iris,kaufman,5073714789,Saudi Arabia,Al Jubayl,2,Master Card,i.kaufman@email.com
2421,fletcher,wagner,5246445412,Saudi Arabia,Al Jubayl,10,Debt Card,f.wagner@email.com
2422,lyle,glenn,5000537587,Saudi Arabia,Al Jubayl,7,Hawala,l.glenn@email.com
2423,ainsley,grant,5473747003,Syria,Ath Thawrah,8,Hawala,a.grant@email.com
2424,victoria,morris,5122483675,United Arab Emirates,Umm al Qaywayn,4,Master Card,v.morris@email.com
2425,timothy,chen,5694416500,United Arab Emirates,Dubai,9,Hawala,t.chen@email.com
2426,paul,lara,5975362450,Saudi Arabia,Al Mubarraz,7,Hawala,p.lara@email.com
2427,neve,carter,5143463826,United Arab Emirates,`Ajman,4,Hawala,n.carter@email.com
2428,belle,stevenson,5165387363,Iraq,Baghdad,9,Master Card,b.stevenson@email.com
2429,remedios,baird,5926937250,Egypt,Hurghada,8,Debt Card,r.baird@email.com
2430,maggy,sharp,5063847446,Saudi Arabia,Riyadh,4,Debt Card,m.sharp@email.com
2431,yen,chang,5823275716,Syria,Ath Thawrah,6,Master Card,y.chang@email.com
2432,ali,may,5807753353,Saudi Arabia,Al Hufuf,3,Hawala,a.may@email.com
2433,noelani,ball,5855897053,Saudi Arabia,Al Jubayl,7,Hawala,n.ball@email.com
2434,harding,fulton,5733166133,Saudi Arabia,Al Jubayl,3,Hawala,h.fulton@email.com
2435,ifeoma,rosario,5405454061,Egypt,El Mansura,3,Hawala,i.rosario@email.com
2436,brielle,mcmahon,5412451223,Syria,Al Qamishli,10,Hawala,b.mcmahon@email.com
2437,kessie,porter,5768231372,Syria,Dayr az Zawr,5,Debt Card,k.porter@email.com
2438,brianna,moses,5024395687,Iraq,Irbil,9,Master Card,b.moses@email.com
2439,kimberly,beasley,5273485819,Saudi Arabia,Al Hufuf,3,Hawala,k.beasley@email.com
2440,lucian,collins,5299788310,Saudi Arabia,Ad Damman,9,Debt Card,l.collins@email.com
2441,catherine,terrell,5715833405,Saudi Arabia,Abha,5,Western Union,c.terrell@email.com
2442,quynn,saunders,5831472801,Egypt,Hurghada,5,Western Union,q.saunders@email.com
2443,kyla,juarez,5583788492,United Arab Emirates,Ras al Khaymah,8,Hawala,k.juarez@email.com
2444,eagan,knapp,5747972381,Saudi Arabia,Al Jubayl,2,Western Union,e.knapp@email.com
2445,geoffrey,skinner,5937804118,United Arab Emirates,Abu Dhabi,7,Western Union,g.skinner@email.com
2446,nita,jarvis,5003428472,Saudi Arabia,Al-Hillah,7,Hawala,n.jarvis@email.com
2447,elizabeth,frye,5002870152,Syria,Ar Raqqah,2,Western Union,e.frye@email.com
2448,marah,vargas,5115427788,Saudi Arabia,Jeddah,10,Debt Card,m.vargas@email.com
2449,ashton,rose,5274215806,Syria,Aleppo,7,Hawala,a.rose@email.com
2450,hayden,booker,5210521509,United Arab Emirates,Umm al Qaywayn,9,Hawala,h.booker@email.com
2451,raphael,farmer,5717087821,United Arab Emirates,`Ajman,5,Western Union,r.farmer@email.com
2452,tashya,flowers,5848616139,Saudi Arabia,Al Hufuf,7,Master Card,t.flowers@email.com
2453,kamal,jefferson,5581457120,Saudi Arabia,Al Hufuf,3,Hawala,k.jefferson@email.com
2454,donovan,bonner,5978492030,Egypt,Hurghada,4,Hawala,d.bonner@email.com
2455,sawyer,owen,5343664092,Iraq,Baghdad,7,Debt Card,s.owen@email.com
2456,alan,mccarty,5903584362,Syria,Al Ladhiqiyah,6,Hawala,a.mccarty@email.com
2457,fleur,vaughn,5267566879,Saudi Arabia,Ad Damman,2,Hawala,f.vaughn@email.com
2458,hector,jefferson,5109755280,Iraq,An Nasiriyah,5,Hawala,h.jefferson@email.com
2459,september,jimenez,5816204345,Iraq,An Najaf,3,Hawala,s.jimenez@email.com
2460,rylee,maddox,5524787450,Egypt,El Mansura,1,Master Card,r.maddox@email.com
2461,flavia,lewis,5005478981,United Arab Emirates,Dubai,1,Master Card,f.lewis@email.com
2462,brenna,salas,5880858870,United Arab Emirates,`Ajman,10,Hawala,b.salas@email.com
2463,gil,foster,5645642432,Syria,Al Qunaytirah,8,Master Card,g.foster@email.com
2464,emma,webb,5472055793,Saudi Arabia,Al-Qatif,4,Debt Card,e.webb@email.com
2465,debra,patrick,5097450318,Iraq,Baghdad,7,Debt Card,d.patrick@email.com
2466,madonna,dillard,5927079027,United Arab Emirates,Al Ayn,4,Hawala,m.dillard@email.com
2467,briar,huff,5286313496,Syria,Ath Thawrah,2,Hawala,b.huff@email.com
2468,mari,kerr,5070339559,Syria,Ath Thawrah,1,Master Card,m.kerr@email.com
2469,cassandra,fulton,5449441121,Syria,Dayr az Zawr,10,Master Card,c.fulton@email.com
2470,unity,curtis,5102428390,Syria,Ar Raqqah,9,Hawala,u.curtis@email.com
2471,desiree,rhodes,5598595363,Saudi Arabia,Abha,5,Western Union,d.rhodes@email.com
2472,ursa,pollard,5402383078,United Arab Emirates,Al Ayn,4,Hawala,u.pollard@email.com
2473,ina,brown,5613169036,Saudi Arabia,Al Hufuf,1,Hawala,i.brown@email.com
2474,thor,chaney,5486755271,Egypt,El Mansura,8,Hawala,t.chaney@email.com
2475,gregory,roberts,5836654092,Saudi Arabia,Al Kharj,3,Hawala,g.roberts@email.com
2476,vanna,walters,5305314195,Syria,Aleppo,6,Hawala,v.walters@email.com
2477,dean,nelson,5723745197,Saudi Arabia,Al-Hillah,4,Master Card,d.nelson@email.com
2478,patrick,garrison,5967388934,Saudi Arabia,Al Mubarraz,4,Debt Card,p.garrison@email.com
2479,mark,hurley,5880796313,Saudi Arabia,Al Mubarraz,9,Hawala,m.hurley@email.com
2480,arthur,whitfield,5588230427,Egypt,Siwa,5,Hawala,a.whitfield@email.com
2481,macon,velez,5156643518,Syria,Al Qamishli,1,Debt Card,m.velez@email.com
2482,rinah,mcmahon,5504725063,Saudi Arabia,Al-Hillah,1,Hawala,r.mcmahon@email.com
2483,nina,kirk,5879475968,Syria,Al Qamishli,8,Hawala,n.kirk@email.com
2484,boris,irwin,5013279572,United Arab Emirates,Al Ayn,8,Master Card,b.irwin@email.com
2485,ashton,carney,5818648171,Syria,Al Qunaytirah,10,Debt Card,a.carney@email.com
2486,isaac,farley,5156867778,United Arab Emirates,Dubai,9,Debt Card,i.farley@email.com
2487,sacha,vaughan,5046982798,Syria,Al Qamishli,1,Hawala,s.vaughan@email.com
2488,aidan,roman,5980993676,Syria,Dayr az Zawr,9,Hawala,a.roman@email.com
2489,cora,mccarty,5835049069,Saudi Arabia,Al Wajh,4,Hawala,c.mccarty@email.com
2490,justina,raymond,5458857890,Syria,Dayr az Zawr,7,Debt Card,j.raymond@email.com
2491,cruz,heath,5946021305,Egypt,Cairo,4,Hawala,c.heath@email.com
2492,hanna,gutierrez,5355106097,Saudi Arabia,Al Hufuf,7,Hawala,h.gutierrez@email.com
2493,kitra,dale,5767765555,Saudi Arabia,Al Jubayl,5,Master Card,k.dale@email.com
2494,priscilla,mitchell,5733904979,United Arab Emirates,Al Ayn,2,Debt Card,p.mitchell@email.com
2495,erasmus,austin,5345360251,United Arab Emirates,Abu Dhabi,5,Hawala,e.austin@email.com
2496,hashim,cohen,5170837700,Iraq,Baghdad,2,Hawala,h.cohen@email.com
2497,zahir,spears,5342064681,Syria,Al Qamishli,2,Hawala,z.spears@email.com
2498,harlan,atkinson,5223750250,United Arab Emirates,Abu Dhabi,1,Hawala,h.atkinson@email.com
2499,alea,larson,5570519779,United Arab Emirates,Al Ayn,1,Master Card,a.larson@email.com
2500,aurora,williams,5589081593,Syria,Al Qamishli,9,Hawala,a.williams@email.com
2501,ava,buckner,5708491545,United Arab Emirates,Al Ayn,5,Hawala,a.buckner@email.com
2502,emily,lloyd,5755192950,Syria,Al Qunaytirah,8,Master Card,e.lloyd@email.com
2503,gray,baker,5820366042,United Arab Emirates,Al Fujayrah,9,Hawala,g.baker@email.com
2504,jorden,mitchell,5210577490,United Arab Emirates,`Ajman,6,Western Union,j.mitchell@email.com
2505,nero,alvarez,5598244890,Iraq,Baghdad,1,Hawala,n.alvarez@email.com
2506,marsden,henderson,5257203664,Saudi Arabia,Abha,10,Master Card,m.henderson@email.com
2507,lance,hart,5926722158,United Arab Emirates,Umm al Qaywayn,3,Hawala,l.hart@email.com
2508,jonas,patton,5181859873,Syria,Al Ladhiqiyah,5,Debt Card,j.patton@email.com
2509,jade,cameron,5397721481,Saudi Arabia,Abha,10,Hawala,j.cameron@email.com
2510,quinlan,ramsey,5588609270,Saudi Arabia,Al Hufuf,7,Master Card,q.ramsey@email.com
2511,charity,maynard,5912529028,Saudi Arabia,Al Kharj,5,Hawala,c.maynard@email.com
2512,xaviera,byrd,5044623362,Syria,Damascus,2,Western Union,x.byrd@email.com
2513,jason,rich,5761945129,Syria,Ath Thawrah,6,Master Card,j.rich@email.com
2514,kibo,nieves,5559382957,Iraq,Irbil,5,Hawala,k.nieves@email.com
2515,arden,rocha,5326976855,Saudi Arabia,Al Mubarraz,6,Hawala,a.rocha@email.com
2516,marah,rowe,5368065017,Egypt,El Mansura,9,Debt Card,m.rowe@email.com
2517,kaye,ramirez,5958726020,Syria,Al Qunaytirah,2,Master Card,k.ramirez@email.com
2518,aurora,conner,5239644782,Saudi Arabia,Al-Qatif,9,Hawala,a.conner@email.com
2519,cally,rivera,5090203580,Iraq,An Nasiriyah,1,Western Union,c.rivera@email.com
2520,tamekah,avery,5167001068,United Arab Emirates,Abu Dhabi,10,Hawala,t.avery@email.com
2521,lareina,murray,5090010635,United Arab Emirates,Abu Dhabi,10,Hawala,l.murray@email.com
2522,francesca,mendoza,5034087846,Egypt,Cairo,4,Master Card,f.mendoza@email.com
2523,keely,mcgee,5937082305,United Arab Emirates,Dubai,7,Hawala,k.mcgee@email.com
2524,farrah,browning,5328807457,Saudi Arabia,Al Jubayl,9,Hawala,f.browning@email.com
2525,hedda,simmons,5191126191,Iraq,Irbil,5,Hawala,h.simmons@email.com
2526,orlando,case,5178960042,Saudi Arabia,Abha,9,Debt Card,o.case@email.com
2527,garrett,roberson,5086721959,Egypt,Cairo,5,Hawala,g.roberson@email.com
2528,zahir,shields,5581838761,Saudi Arabia,Al Quwayiyah,2,Western Union,z.shields@email.com
2529,calvin,santana,5323311639,Syria,Ar Raqqah,9,Master Card,c.santana@email.com
2530,shelly,mercer,5535312559,Syria,Dar'a,9,Western Union,s.mercer@email.com
2531,petra,oconnor,5841348831,Syria,Dayr az Zawr,9,Hawala,p.oconnor@email.com
2532,hyatt,sullivan,5023448970,United Arab Emirates,Umm al Qaywayn,3,Hawala,h.sullivan@email.com
2533,julie,christian,5477839464,Egypt,Cairo,5,Master Card,j.christian@email.com
2534,mary,holmes,5037634422,Egypt,Cairo,8,Western Union,m.holmes@email.com
2535,francis,buchanan,5612684182,Egypt,Cairo,5,Debt Card,f.buchanan@email.com
2536,ross,blackwell,5022158954,Saudi Arabia,Al Mubarraz,8,Hawala,r.blackwell@email.com
2537,adrian,case,5144729164,Iraq,An Nasiriyah,3,Master Card,a.case@email.com
2538,madonna,york,5080722542,United Arab Emirates,Al Fujayrah,6,Master Card,m.york@email.com
2539,zeus,rivas,5460712478,United Arab Emirates,Dubai,8,Master Card,z.rivas@email.com
2540,kyra,harrington,5573031038,Egypt,Siwa,2,Hawala,k.harrington@email.com
2541,brenda,lee,5798219072,Saudi Arabia,Al-Hillah,9,Western Union,b.lee@email.com
2542,jemima,woodard,5374339992,Syria,Dar'a,3,Debt Card,j.woodard@email.com
2543,sebastian,estrada,5903538136,Syria,Dayr az Zawr,10,Western Union,s.estrada@email.com
2544,hall,scott,5030754547,Saudi Arabia,Al Jubayl,9,Debt Card,h.scott@email.com
2545,flynn,ochoa,5864916593,Syria,Dayr az Zawr,6,Hawala,f.ochoa@email.com
2546,kylie,mccall,5670942252,Saudi Arabia,Al Wajh,9,Debt Card,k.mccall@email.com
2547,jennifer,blake,5042200805,Saudi Arabia,Jeddah,1,Western Union,j.blake@email.com
2548,sage,henry,5383059964,Saudi Arabia,Al-Hillah,1,Debt Card,s.henry@email.com
2549,jack,salinas,5725506725,Saudi Arabia,Al Mubarraz,5,Master Card,j.salinas@email.com
2550,devin,fowler,5241072659,Syria,Al Ladhiqiyah,6,Master Card,d.fowler@email.com
2551,zeph,mosley,5077558188,Egypt,Siwa,9,Master Card,z.mosley@email.com
2552,mallory,rich,5650322230,Saudi Arabia,Al Jubayl,5,Hawala,m.rich@email.com
2553,mohammad,moreno,5685474436,Saudi Arabia,Al-Qatif,7,Western Union,m.moreno@email.com
2554,bethany,phillips,5569380826,Saudi Arabia,Al-Hillah,2,Master Card,b.phillips@email.com
2555,shoshana,olson,5338071778,Saudi Arabia,Al Qunfudhah,2,Master Card,s.olson@email.com
2556,christopher,carey,5855825239,Saudi Arabia,Al Qunfudhah,7,Debt Card,c.carey@email.com
2557,tarik,morse,5247683239,Syria,Damascus,1,Master Card,t.morse@email.com
2558,audrey,lynch,5879236185,United Arab Emirates,Dubai,4,Hawala,a.lynch@email.com
2559,fiona,finch,5986217875,Saudi Arabia,Ad Damman,6,Master Card,f.finch@email.com
2560,hanae,doyle,5612162480,Egypt,Hurghada,7,Hawala,h.doyle@email.com
2561,ella,leach,5995639746,Saudi Arabia,Al Jubayl,7,Hawala,e.leach@email.com
2562,autumn,copeland,5208078988,United Arab Emirates,Al Ayn,7,Debt Card,a.copeland@email.com
2563,nayda,sheppard,5747014478,Saudi Arabia,Al-Hillah,4,Hawala,n.sheppard@email.com
2564,lyle,mcgee,5336362810,Egypt,Cairo,3,Master Card,l.mcgee@email.com
2565,merrill,valdez,5975679875,Saudi Arabia,Al Hufuf,2,Hawala,m.valdez@email.com
2566,xandra,warner,5741979436,United Arab Emirates,`Ajman,8,Hawala,x.warner@email.com
2567,darryl,benton,5894570291,Iraq,An Nasiriyah,2,Master Card,d.benton@email.com
2568,amy,edwards,5818979059,Syria,Al Ladhiqiyah,9,Western Union,a.edwards@email.com
2569,latifah,jackson,5363513670,Saudi Arabia,Al Hufuf,10,Hawala,l.jackson@email.com
2570,ezekiel,caldwell,5705025538,United Arab Emirates,Sharjah,10,Hawala,e.caldwell@email.com
2571,erica,kennedy,5670878880,Syria,Al Qunaytirah,8,Master Card,e.kennedy@email.com
2572,mia,hatfield,5199530346,Saudi Arabia,Al-Qatif,10,Western Union,m.hatfield@email.com
2573,keiko,frost,5997800336,Saudi Arabia,Al Wajh,5,Hawala,k.frost@email.com
2574,vaughan,webb,5774434734,Saudi Arabia,Al Jubayl,9,Western Union,v.webb@email.com
2575,cole,coffey,5884947047,United Arab Emirates,Al Fujayrah,10,Hawala,c.coffey@email.com
2576,zeph,stuart,5456180900,Syria,Dayr az Zawr,8,Hawala,z.stuart@email.com
2577,ignacia,sawyer,5016899690,Saudi Arabia,Al Jubayl,9,Western Union,i.sawyer@email.com
2578,paloma,higgins,5244805690,United Arab Emirates,Al Fujayrah,4,Master Card,p.higgins@email.com
2579,adam,bishop,5480428874,United Arab Emirates,`Ajman,1,Debt Card,a.bishop@email.com
2580,michael,dunlap,5640195358,Syria,Dayr az Zawr,5,Hawala,m.dunlap@email.com
2581,lance,rivers,5993226337,United Arab Emirates,`Ajman,10,Master Card,l.rivers@email.com
2582,jack,wilkins,5934031793,Saudi Arabia,Al Qunfudhah,2,Master Card,j.wilkins@email.com
2583,ashton,hyde,5864137499,Syria,Dayr az Zawr,1,Hawala,a.hyde@email.com
2584,catherine,vang,5814548449,Saudi Arabia,Ad Damman,9,Master Card,c.vang@email.com
2585,gisela,valdez,5308014888,United Arab Emirates,`Ajman,2,Hawala,g.valdez@email.com
2586,kalia,jordan,5233521169,Egypt,Suez,1,Hawala,k.jordan@email.com
2587,clark,kaufman,5889134681,United Arab Emirates,Umm al Qaywayn,4,Hawala,c.kaufman@email.com
2588,yasir,franco,5832598662,Egypt,Cairo,3,Western Union,y.franco@email.com
2589,kareem,erickson,5825375526,Egypt,Cairo,2,Western Union,k.erickson@email.com
2590,lee,rose,5104880105,Saudi Arabia,Riyadh,8,Master Card,l.rose@email.com
2591,arsenio,booth,5756278698,Saudi Arabia,Al-Qatif,7,Debt Card,a.booth@email.com
2592,giselle,kidd,5625648597,Saudi Arabia,Jeddah,2,Hawala,g.kidd@email.com
2593,maggie,shepard,5264553396,Iraq,Baghdad,8,Hawala,m.shepard@email.com
2594,autumn,tucker,5197093802,Saudi Arabia,Al-Hillah,4,Debt Card,a.tucker@email.com
2595,gary,mills,5080317880,Saudi Arabia,Abha,7,Western Union,g.mills@email.com
2596,katelyn,elliott,5169070073,Iraq,Baghdad,4,Western Union,k.elliott@email.com
2597,herrod,chavez,5488513641,Saudi Arabia,Al Wajh,7,Debt Card,h.chavez@email.com
2598,erica,hansen,5305878304,Saudi Arabia,Al-Hillah,4,Hawala,e.hansen@email.com
2599,vernon,padilla,5302122532,Syria,Al Ladhiqiyah,1,Master Card,v.padilla@email.com
2600,grace,duncan,5651342546,Saudi Arabia,Al-Qatif,10,Hawala,g.duncan@email.com
2601,salvador,giles,5263637114,Egypt,Siwa,9,Hawala,s.giles@email.com
2602,brady,kennedy,5240107152,United Arab Emirates,`Ajman,4,Hawala,b.kennedy@email.com
2603,elaine,bell,5192872500,United Arab Emirates,Umm al Qaywayn,2,Hawala,e.bell@email.com
2604,oren,shepherd,5473632651,Saudi Arabia,Riyadh,1,Hawala,o.shepherd@email.com
2605,chastity,stephens,5490272472,Saudi Arabia,Al Jubayl,5,Hawala,c.stephens@email.com
2606,jamalia,stanton,5819320929,Saudi Arabia,Al-Hillah,5,Western Union,j.stanton@email.com
2607,erin,morris,5764074715,Saudi Arabia,Riyadh,6,Master Card,e.morris@email.com
2608,tobias,valenzuela,5950430007,Saudi Arabia,Al Wajh,4,Hawala,t.valenzuela@email.com
2609,winifred,fowler,5733217141,Saudi Arabia,Abha,4,Hawala,w.fowler@email.com
2610,patience,mccarthy,5119915157,Saudi Arabia,Al-Hillah,2,Hawala,p.mccarthy@email.com
2611,rama,cunningham,5362216609,Saudi Arabia,Al Kharj,4,Debt Card,r.cunningham@email.com
2612,macaulay,holt,5511258915,Syria,Al Ladhiqiyah,5,Hawala,m.holt@email.com
2613,pamela,albert,5792098648,United Arab Emirates,Al Ayn,6,Western Union,p.albert@email.com
2614,neve,graves,5300516765,Saudi Arabia,Al-Hillah,4,Master Card,n.graves@email.com
2615,aimee,baker,5542129960,Saudi Arabia,Al Jubayl,4,Debt Card,a.baker@email.com
2616,germaine,mccarty,5794183160,United Arab Emirates,`Ajman,6,Debt Card,g.mccarty@email.com
2617,scarlet,rodriguez,5210244412,Iraq,An Nasiriyah,6,Master Card,s.rodriguez@email.com
2618,logan,alston,5605301762,United Arab Emirates,`Ajman,7,Hawala,l.alston@email.com
2619,hiram,martinez,5412941751,Saudi Arabia,Al Wajh,5,Western Union,h.martinez@email.com
2620,kato,grant,5277189130,Saudi Arabia,Al-Qatif,10,Western Union,k.grant@email.com
2621,igor,delaney,5950460939,Syria,Aleppo,10,Hawala,i.delaney@email.com
2622,joan,conley,5848874618,Iraq,Baghdad,3,Western Union,j.conley@email.com
2623,duncan,gordon,5204136353,Saudi Arabia,Riyadh,10,Western Union,d.gordon@email.com
2624,rae,hahn,5331280232,Syria,Ath Thawrah,4,Hawala,r.hahn@email.com
2625,lysandra,farrell,5502161820,Syria,Al Qamishli,8,Master Card,l.farrell@email.com
2626,micah,navarro,5520420513,Egypt,Siwa,7,Hawala,m.navarro@email.com
2627,aileen,hart,5991996520,United Arab Emirates,Dubai,1,Master Card,a.hart@email.com
2628,yuli,phelps,5465064276,Syria,Damascus,6,Debt Card,y.phelps@email.com
2629,colleen,james,5843183429,Egypt,Hurghada,3,Western Union,c.james@email.com
2630,brielle,payne,5403037328,United Arab Emirates,Al Fujayrah,8,Master Card,b.payne@email.com
2631,kenneth,daugherty,5655737740,Syria,Aleppo,9,Debt Card,k.daugherty@email.com
2632,sheila,bruce,5411328769,Syria,Dayr az Zawr,2,Master Card,s.bruce@email.com
2633,dexter,manning,5646375462,Saudi Arabia,Al Mubarraz,5,Debt Card,d.manning@email.com
2634,nora,conner,5432066050,United Arab Emirates,Sharjah,4,Master Card,n.conner@email.com
2635,ethan,jimenez,5053735329,Saudi Arabia,Abha,8,Debt Card,e.jimenez@email.com
2636,aline,ashley,5442832225,Iraq,An Najaf,7,Hawala,a.ashley@email.com
2637,olivia,mitchell,5986858390,Syria,Al Ladhiqiyah,8,Master Card,o.mitchell@email.com
2638,beck,reyes,5392906535,Saudi Arabia,Al-Hillah,1,Debt Card,b.reyes@email.com
2639,ina,stephenson,5047808108,Saudi Arabia,Al Wajh,3,Western Union,i.stephenson@email.com
2640,troy,austin,5540205811,United Arab Emirates,Abu Dhabi,7,Western Union,t.austin@email.com
2641,remedios,donaldson,5266436893,Iraq,Baghdad,7,Master Card,r.donaldson@email.com
2642,hamilton,mckee,5808720785,Egypt,Siwa,5,Hawala,h.mckee@email.com
2643,cassidy,castro,5107735314,United Arab Emirates,Al Ayn,4,Hawala,c.castro@email.com
2644,martena,dejesus,5496349582,Saudi Arabia,Al Qunfudhah,4,Western Union,m.dejesus@email.com
2645,jana,banks,5778398854,Saudi Arabia,Al-Hillah,3,Hawala,j.banks@email.com
2646,lance,mills,5383121193,Iraq,Mosul,7,Hawala,l.mills@email.com
2647,raymond,knapp,5353179972,Iraq,Irbil,4,Master Card,r.knapp@email.com
2648,maia,miller,5957708095,Saudi Arabia,Riyadh,2,Master Card,m.miller@email.com
2649,kay,everett,5153793388,Egypt,Siwa,7,Hawala,k.everett@email.com
2650,ira,tillman,5470201377,Syria,Dayr az Zawr,7,Master Card,i.tillman@email.com
2651,sloane,knight,5773675479,United Arab Emirates,Dubai,4,Debt Card,s.knight@email.com
2652,eaton,horne,5327633599,Egypt,Hurghada,3,Debt Card,e.horne@email.com
2653,isabelle,lowe,5646728793,Egypt,Hurghada,8,Master Card,i.lowe@email.com
2654,rylee,beck,5613016954,Iraq,Baghdad,6,Hawala,r.beck@email.com
2655,yoko,humphrey,5224930862,Egypt,El Mansura,4,Master Card,y.humphrey@email.com
2656,burke,andrews,5001104775,Syria,Al Qamishli,1,Hawala,b.andrews@email.com
2657,carolyn,brock,5412511640,Syria,Al Qamishli,6,Debt Card,c.brock@email.com
2658,sylvia,calderon,5583391645,Saudi Arabia,Al Hufuf,9,Western Union,s.calderon@email.com
2659,imani,reilly,5926285294,Saudi Arabia,Jeddah,2,Hawala,i.reilly@email.com
2660,dacey,dominguez,5666205266,Syria,Al Qunaytirah,5,Western Union,d.dominguez@email.com
2661,beck,cantrell,5511244037,United Arab Emirates,Al Fujayrah,8,Hawala,b.cantrell@email.com
2662,jonah,pittman,5312216145,Syria,Aleppo,8,Hawala,j.pittman@email.com
2663,ivana,tyler,5471850162,Iraq,Irbil,5,Western Union,i.tyler@email.com
2664,hollee,briggs,5240349235,Iraq,An Nasiriyah,4,Hawala,h.briggs@email.com
2665,ishmael,buchanan,5984454410,Saudi Arabia,Al Hufuf,6,Master Card,i.buchanan@email.com
2666,cara,sweet,5529150796,United Arab Emirates,Al Ayn,7,Hawala,c.sweet@email.com
2667,robin,mclaughlin,5646285705,Iraq,Irbil,10,Western Union,r.mclaughlin@email.com
2668,solomon,bowen,5435843465,Saudi Arabia,Al Qunfudhah,8,Hawala,s.bowen@email.com
2669,larissa,murphy,5329283685,Iraq,An Najaf,7,Master Card,l.murphy@email.com
2670,rinah,bolton,5974299448,Saudi Arabia,Al Hufuf,10,Hawala,r.bolton@email.com
2671,chiquita,ratliff,5608341897,Saudi Arabia,Al Jubayl,6,Debt Card,c.ratliff@email.com
2672,joelle,cantu,5471547163,Iraq,An Nasiriyah,2,Hawala,j.cantu@email.com
2673,liberty,hansen,5875228539,Syria,Al Qunaytirah,3,Hawala,l.hansen@email.com
2674,nina,crosby,5848680148,Saudi Arabia,Al Mubarraz,5,Debt Card,n.crosby@email.com
2675,samson,lara,5568300143,Egypt,Hurghada,8,Debt Card,s.lara@email.com
2676,quinn,robertson,5956279346,Egypt,Hurghada,3,Debt Card,q.robertson@email.com
2677,eve,jordan,5392057112,Iraq,Baghdad,8,Hawala,e.jordan@email.com
2678,keaton,compton,5482115311,Saudi Arabia,Al Wajh,7,Master Card,k.compton@email.com
2679,uma,wilkinson,5264817752,Saudi Arabia,Abha,1,Debt Card,u.wilkinson@email.com
2680,tashya,pitts,5772268805,Saudi Arabia,Al Qunfudhah,3,Hawala,t.pitts@email.com
2681,burton,contreras,5490102259,Syria,Al Ladhiqiyah,10,Hawala,b.contreras@email.com
2682,celeste,black,5811865709,Saudi Arabia,Al Jubayl,5,Western Union,c.black@email.com
2683,ursula,larsen,5171458867,Iraq,An Najaf,10,Hawala,u.larsen@email.com
2684,hilda,dunn,5606692980,Saudi Arabia,Al-Hillah,3,Hawala,h.dunn@email.com
2685,patricia,emerson,5730142902,Syria,As Suwayda,1,Hawala,p.emerson@email.com
2686,cynthia,lester,5897130788,Syria,Damascus,5,Hawala,c.lester@email.com
2687,sebastian,cole,5150075331,Egypt,Siwa,4,Master Card,s.cole@email.com
2688,kylie,arnold,5011650490,Saudi Arabia,Al-Hillah,1,Master Card,k.arnold@email.com
2689,nina,shepherd,5409395156,Syria,Al Ladhiqiyah,2,Western Union,n.shepherd@email.com
2690,katelyn,holder,5944676158,Saudi Arabia,Al Mubarraz,8,Hawala,k.holder@email.com
2691,cleo,carr,5073210015,Syria,Al Qamishli,8,Hawala,c.carr@email.com
2692,dorothy,vaughan,5917672622,Iraq,An Najaf,7,Western Union,d.vaughan@email.com
2693,ronan,oneil,5518335762,Egypt,Cairo,8,Debt Card,r.oneil@email.com
2694,meghan,talley,5420769714,Saudi Arabia,Ad Damman,5,Western Union,m.talley@email.com
2695,ainsley,oneill,5252608121,United Arab Emirates,Umm al Qaywayn,7,Debt Card,a.oneill@email.com
2696,rogan,roach,5762578268,United Arab Emirates,`Ajman,7,Master Card,r.roach@email.com
2697,odessa,hahn,5686032587,Syria,Damascus,2,Debt Card,o.hahn@email.com
2698,laith,flowers,5966180966,United Arab Emirates,Dubai,10,Hawala,l.flowers@email.com
2699,sigourney,summers,5299240286,Saudi Arabia,Jeddah,4,Western Union,s.summers@email.com
2700,guinevere,manning,5966187921,Syria,Al Qamishli,7,Debt Card,g.manning@email.com
2701,leila,sloan,5047808301,Syria,Dayr az Zawr,2,Hawala,l.sloan@email.com
2702,nadine,suarez,5349110979,Saudi Arabia,Al Mubarraz,6,Debt Card,n.suarez@email.com
2703,kieran,brewer,5072162820,Saudi Arabia,Ad Damman,1,Hawala,k.brewer@email.com
2704,bruce,mcfarland,5081837619,Saudi Arabia,Al Jubayl,6,Hawala,b.mcfarland@email.com
2705,caleb,kelly,5328278896,Syria,Dayr az Zawr,6,Debt Card,c.kelly@email.com
2706,neil,patterson,5051800145,Egypt,El Mansura,9,Master Card,n.patterson@email.com
2707,daniel,ware,5154983261,Saudi Arabia,Al Hufuf,2,Debt Card,d.ware@email.com
2708,rebekah,gallegos,5126435168,United Arab Emirates,Sharjah,7,Master Card,r.gallegos@email.com
2709,donna,harrell,5257254921,Egypt,Cairo,6,Master Card,d.harrell@email.com
2710,quintessa,aguirre,5380273298,Saudi Arabia,Al Mubarraz,4,Western Union,q.aguirre@email.com
2711,rooney,willis,5473666823,Saudi Arabia,Al Jubayl,6,Debt Card,r.willis@email.com
2712,phyllis,daugherty,5005761919,Iraq,Irbil,5,Western Union,p.daugherty@email.com
2713,beau,anthony,5060865303,Egypt,Siwa,2,Master Card,b.anthony@email.com
2714,macy,joseph,5114724032,Saudi Arabia,Al-Hillah,9,Master Card,m.joseph@email.com
2715,rudyard,hinton,5624869710,Syria,Damascus,9,Western Union,r.hinton@email.com
2716,ciaran,quinn,5862908985,Saudi Arabia,Riyadh,5,Master Card,c.quinn@email.com
2717,ocean,kramer,5662550744,United Arab Emirates,`Ajman,8,Western Union,o.kramer@email.com
2718,mia,graham,5716220289,Saudi Arabia,Riyadh,10,Debt Card,m.graham@email.com
2719,rooney,conway,5862571426,Egypt,Cairo,7,Hawala,r.conway@email.com
2720,kimberly,webster,5033362354,Saudi Arabia,Riyadh,4,Hawala,k.webster@email.com
2721,hunter,cantu,5693763040,Saudi Arabia,Riyadh,10,Master Card,h.cantu@email.com
2722,ezekiel,miles,5392787431,Saudi Arabia,Al Jubayl,7,Master Card,e.miles@email.com
2723,maxine,moon,5880528623,Saudi Arabia,Al-Hillah,3,Hawala,m.moon@email.com
2724,hunter,burks,5021659962,Syria,Al Qamishli,4,Master Card,h.burks@email.com
2725,emerald,bowers,5198272835,Syria,Al Qamishli,7,Hawala,e.bowers@email.com
2726,ishmael,simmons,5978783626,Syria,Ar Raqqah,2,Debt Card,i.simmons@email.com
2727,zenia,williams,5031781551,Saudi Arabia,Al Wajh,1,Hawala,z.williams@email.com
2728,alden,hardy,5423484500,Saudi Arabia,Al Mubarraz,6,Hawala,a.hardy@email.com
2729,noble,pierce,5438664942,United Arab Emirates,Umm al Qaywayn,3,Western Union,n.pierce@email.com
2730,martha,trevino,5729218353,United Arab Emirates,Dubai,10,Western Union,m.trevino@email.com
2731,duncan,robbins,5719771844,Egypt,Siwa,4,Hawala,d.robbins@email.com
2732,edan,figueroa,5786479129,Saudi Arabia,Jeddah,9,Master Card,e.figueroa@email.com
2733,kevyn,house,5331380863,United Arab Emirates,Al Ayn,10,Western Union,k.house@email.com
2734,nasim,rush,5461205970,Saudi Arabia,Ad Damman,10,Hawala,n.rush@email.com
2735,donovan,meyer,5823688907,Syria,Ath Thawrah,6,Western Union,d.meyer@email.com
2736,alec,levy,5245868905,Saudi Arabia,Al Jubayl,2,Debt Card,a.levy@email.com
2737,guy,turner,5411003765,Saudi Arabia,Ad Damman,1,Debt Card,g.turner@email.com
2738,ginger,hodges,5153731593,United Arab Emirates,`Ajman,10,Western Union,g.hodges@email.com
2739,hannah,robertson,5281267019,Iraq,Irbil,3,Hawala,h.robertson@email.com
2740,armando,singleton,5567537470,United Arab Emirates,Dubai,1,Hawala,a.singleton@email.com
2741,timon,bradford,5377274764,Syria,Al Qamishli,3,Western Union,t.bradford@email.com
2742,lane,brady,5867864753,United Arab Emirates,Dubai,7,Master Card,l.brady@email.com
2743,courtney,blake,5093198582,Syria,Al Qamishli,2,Western Union,c.blake@email.com
2744,oscar,kramer,5514302395,Saudi Arabia,Jeddah,6,Master Card,o.kramer@email.com
2745,kyra,pena,5739748800,United Arab Emirates,Al Ayn,9,Debt Card,k.pena@email.com
2746,darius,hensley,5218481210,Syria,Damascus,9,Hawala,d.hensley@email.com
2747,flavia,flynn,5610484230,Saudi Arabia,Al Jubayl,8,Western Union,f.flynn@email.com
2748,kay,gilliam,5292271611,Iraq,Irbil,8,Debt Card,k.gilliam@email.com
2749,kirk,brennan,5572009303,Saudi Arabia,Al Hufuf,4,Debt Card,k.brennan@email.com
2750,keefe,mitchell,5011136997,Saudi Arabia,Al-Hillah,2,Master Card,k.mitchell@email.com
2751,justine,yang,5098091255,United Arab Emirates,`Ajman,4,Hawala,j.yang@email.com
2752,salvador,dale,5740179633,Saudi Arabia,Al-Qatif,4,Hawala,s.dale@email.com
2753,nyssa,maldonado,5569630371,Syria,Damascus,9,Hawala,n.maldonado@email.com
2754,deacon,delacruz,5932665936,Saudi Arabia,Al Wajh,2,Hawala,d.delacruz@email.com
2755,lois,gill,5790711924,Saudi Arabia,Al-Qatif,8,Western Union,l.gill@email.com
2756,aileen,kelley,5219048635,Syria,Ath Thawrah,10,Master Card,a.kelley@email.com
2757,kirby,benton,5389079920,United Arab Emirates,`Ajman,10,Hawala,k.benton@email.com
2758,ursula,ashley,5933650636,Syria,Al Qamishli,4,Hawala,u.ashley@email.com
2759,ezekiel,delaney,5728146321,Syria,Damascus,5,Western Union,e.delaney@email.com
2760,mohammad,salazar,5541989588,United Arab Emirates,Al Ayn,2,Debt Card,m.salazar@email.com
2761,marah,warren,5632810741,Saudi Arabia,Ad Damman,3,Debt Card,m.warren@email.com
2762,harding,lott,5867164255,Saudi Arabia,Abha,5,Hawala,h.lott@email.com
2763,zeus,workman,5456508414,Syria,Al Qunaytirah,8,Western Union,z.workman@email.com
2764,martena,palmer,5224361858,Syria,Ath Thawrah,5,Debt Card,m.palmer@email.com
2765,venus,little,5652745034,Egypt,Siwa,7,Master Card,v.little@email.com
2766,katelyn,hunter,5570287933,Saudi Arabia,Al Hufuf,2,Debt Card,k.hunter@email.com
2767,nevada,irwin,5235926523,Saudi Arabia,Abha,10,Western Union,n.irwin@email.com
2768,naida,branch,5424896271,United Arab Emirates,Dubai,1,Debt Card,n.branch@email.com
2769,graham,wilcox,5034078760,United Arab Emirates,Ras al Khaymah,5,Western Union,g.wilcox@email.com
2770,gil,french,5459120171,Saudi Arabia,Riyadh,7,Western Union,g.french@email.com
2771,geraldine,hunter,5426796795,Syria,Dayr az Zawr,5,Hawala,g.hunter@email.com
2772,bruno,guy,5497832579,Saudi Arabia,Al-Hillah,1,Hawala,b.guy@email.com
2773,kibo,ayala,5354388880,Egypt,Siwa,5,Debt Card,k.ayala@email.com
2774,melodie,singleton,5088817983,Iraq,Irbil,2,Debt Card,m.singleton@email.com
2775,deborah,hurst,5594368441,Saudi Arabia,Riyadh,8,Debt Card,d.hurst@email.com
2776,ivory,leblanc,5032831419,Saudi Arabia,Al-Qatif,10,Debt Card,i.leblanc@email.com
2777,christine,bryant,5065815168,Syria,Dayr az Zawr,2,Western Union,c.bryant@email.com
2778,nero,fleming,5296332007,Iraq,Baghdad,8,Debt Card,n.fleming@email.com
2779,naomi,rosa,5116280386,Iraq,Irbil,5,Hawala,n.rosa@email.com
2780,clark,rios,5566561434,Syria,Al Qamishli,9,Hawala,c.rios@email.com
2781,hadassah,vasquez,5033733242,Saudi Arabia,Ad Damman,7,Hawala,h.vasquez@email.com
2782,gillian,albert,5271083705,Saudi Arabia,Ad Damman,7,Master Card,g.albert@email.com
2783,charlotte,conley,5606728819,Saudi Arabia,Al-Hillah,9,Debt Card,c.conley@email.com
2784,reagan,coleman,5910538860,Egypt,Siwa,1,Western Union,r.coleman@email.com
2785,mary,meyers,5327186228,United Arab Emirates,Umm al Qaywayn,6,Debt Card,m.meyers@email.com
2786,brooke,romero,5751305201,Iraq,An Nasiriyah,4,Debt Card,b.romero@email.com
2787,tobias,dyer,5288598249,Syria,Aleppo,5,Hawala,t.dyer@email.com
2788,idona,slater,5793031495,Saudi Arabia,Al Wajh,7,Western Union,i.slater@email.com
2789,whitney,russell,5752627547,Iraq,An Najaf,1,Master Card,w.russell@email.com
2790,eaton,vincent,5338891434,Syria,Ar Raqqah,9,Hawala,e.vincent@email.com
2791,stuart,rogers,5087766799,Saudi Arabia,Jeddah,4,Western Union,s.rogers@email.com
2792,ursa,warner,5573787466,Syria,Damascus,5,Western Union,u.warner@email.com
2793,cally,dotson,5332574818,Syria,Al Qunaytirah,9,Hawala,c.dotson@email.com
2794,melissa,santana,5343407543,Egypt,El Mansura,4,Master Card,m.santana@email.com
2795,cadman,rodriguez,5917111326,Syria,Al Qamishli,6,Master Card,c.rodriguez@email.com
2796,levi,hampton,5701467612,Saudi Arabia,Jeddah,10,Debt Card,l.hampton@email.com
2797,brett,tran,5723262176,United Arab Emirates,Dubai,10,Hawala,b.tran@email.com
2798,ivy,patton,5005821094,Syria,Al Qamishli,8,Hawala,i.patton@email.com
2799,abdul,wilkerson,5708387203,United Arab Emirates,`Ajman,5,Debt Card,a.wilkerson@email.com
2800,winter,workman,5188605314,Syria,Ath Thawrah,9,Master Card,w.workman@email.com
2801,marny,lindsay,5907554129,Syria,Al Ladhiqiyah,2,Debt Card,m.lindsay@email.com
2802,ezekiel,talley,5448055376,Syria,Ath Thawrah,10,Hawala,e.talley@email.com
2803,mary,schmidt,5059404795,Iraq,Baghdad,5,Debt Card,m.schmidt@email.com
2804,brian,barnett,5506505398,Syria,Ath Thawrah,5,Western Union,b.barnett@email.com
2805,carlos,madden,5167127382,Iraq,Baqubah,1,Western Union,c.madden@email.com
2806,zephania,walker,5273439115,Syria,Al Ladhiqiyah,2,Hawala,z.walker@email.com
2807,mallory,barnes,5370434463,United Arab Emirates,Umm al Qaywayn,9,Master Card,m.barnes@email.com
2808,emily,carney,5055412812,Saudi Arabia,Al-Hillah,5,Hawala,e.carney@email.com
2809,marny,petersen,5975847667,United Arab Emirates,Al Ayn,2,Master Card,m.petersen@email.com
2810,hayes,alford,5929981101,Syria,Damascus,2,Master Card,h.alford@email.com
2811,dacey,jennings,5557532547,Syria,Al Ladhiqiyah,3,Hawala,d.jennings@email.com
2812,dai,byrd,5401508744,Saudi Arabia,Ad Damman,6,Debt Card,d.byrd@email.com
2813,sonia,castaneda,5223704533,United Arab Emirates,Al Ayn,9,Hawala,s.castaneda@email.com
2814,arthur,ballard,5159006332,Iraq,An Nasiriyah,2,Hawala,a.ballard@email.com
2815,gisela,puckett,5595895656,Iraq,An Nasiriyah,3,Hawala,g.puckett@email.com
2816,igor,merrill,5210747893,Saudi Arabia,Riyadh,1,Master Card,i.merrill@email.com
2817,jordan,buckner,5205895955,Iraq,An Nasiriyah,4,Master Card,j.buckner@email.com
2818,september,kirby,5310257223,Saudi Arabia,Al Mubarraz,6,Master Card,s.kirby@email.com
2819,herrod,lucas,5396681181,Syria,Dayr az Zawr,10,Hawala,h.lucas@email.com
2820,britanney,king,5139750065,United Arab Emirates,Al Fujayrah,3,Hawala,b.king@email.com
2821,kameko,mayer,5852114120,Saudi Arabia,Al-Hillah,8,Master Card,k.mayer@email.com
2822,kaseem,mays,5677425293,Saudi Arabia,Al Kharj,6,Debt Card,k.mays@email.com
2823,jennifer,mccarty,5574560620,United Arab Emirates,Dubai,9,Debt Card,j.mccarty@email.com
2824,august,saunders,5745435721,Saudi Arabia,Riyadh,1,Western Union,a.saunders@email.com
2825,jermaine,hyde,5303551396,Saudi Arabia,Riyadh,7,Hawala,j.hyde@email.com
2826,kirby,britt,5994605602,Saudi Arabia,Al Qunfudhah,7,Debt Card,k.britt@email.com
2827,kenyon,harper,5279167423,Saudi Arabia,Al Qunfudhah,9,Master Card,k.harper@email.com
2828,timon,sosa,5610840477,United Arab Emirates,Abu Dhabi,8,Debt Card,t.sosa@email.com
2829,charde,clayton,5292140834,United Arab Emirates,Al Ayn,4,Debt Card,c.clayton@email.com
2830,blythe,mcintosh,5771135452,Saudi Arabia,Jeddah,10,Western Union,b.mcintosh@email.com
2831,yuri,english,5268364612,Saudi Arabia,Al Mubarraz,5,Debt Card,y.english@email.com
2832,noelle,mercer,5040261420,Saudi Arabia,Al-Qatif,1,Master Card,n.mercer@email.com
2833,harper,small,5940515149,Saudi Arabia,Al Mubarraz,9,Hawala,h.small@email.com
2834,igor,may,5972602431,United Arab Emirates,Dubai,10,Hawala,i.may@email.com
2835,walker,murray,5960785322,Saudi Arabia,Al Kharj,10,Master Card,w.murray@email.com
2836,oren,berg,5298190870,Iraq,An Najaf,5,Debt Card,o.berg@email.com
2837,barclay,sweet,5293527907,United Arab Emirates,Al Fujayrah,8,Western Union,b.sweet@email.com
2838,brooke,huber,5939383000,Saudi Arabia,Al Wajh,2,Master Card,b.huber@email.com
2839,luke,hood,5814669743,Egypt,Cairo,5,Debt Card,l.hood@email.com
2840,tashya,osborn,5990042227,Saudi Arabia,Al Hufuf,6,Western Union,t.osborn@email.com
2841,cassady,walls,5037955256,Saudi Arabia,Ad Damman,1,Western Union,c.walls@email.com
2842,mari,woodard,5005985360,Syria,Al Qunaytirah,4,Hawala,m.woodard@email.com
2843,leigh,trujillo,5399491605,Egypt,Siwa,10,Hawala,l.trujillo@email.com
2844,jack,acosta,5182694427,Egypt,Siwa,7,Master Card,j.acosta@email.com
2845,aretha,barber,5221868768,United Arab Emirates,Ras al Khaymah,1,Debt Card,a.barber@email.com
2846,alisa,livingston,5156931517,Syria,Damascus,6,Hawala,a.livingston@email.com
2847,savannah,collier,5131562388,Saudi Arabia,Ad Damman,7,Debt Card,s.collier@email.com
2848,eric,harmon,5210374645,Egypt,Cairo,4,Hawala,e.harmon@email.com
2849,bernard,beach,5456602968,Egypt,Cairo,3,Hawala,b.beach@email.com
2850,graham,ferguson,5379108248,United Arab Emirates,Al Ayn,4,Hawala,g.ferguson@email.com
2851,nicole,joseph,5019742984,Saudi Arabia,Abha,6,Debt Card,n.joseph@email.com
2852,desiree,sloan,5000273532,Saudi Arabia,Ad Damman,3,Western Union,d.sloan@email.com
2853,nicole,figueroa,5323344681,Saudi Arabia,Al Qunfudhah,7,Western Union,n.figueroa@email.com
2854,sopoline,glenn,5478511284,Egypt,Suez,1,Hawala,s.glenn@email.com
2855,rylee,chan,5562186738,Saudi Arabia,Jeddah,10,Debt Card,r.chan@email.com
2856,cadman,hamilton,5184510254,Syria,Damascus,7,Hawala,c.hamilton@email.com
2857,kelsie,pierce,5460947629,Egypt,Suez,1,Hawala,k.pierce@email.com
2858,alice,ochoa,5571673533,Saudi Arabia,Jeddah,1,Hawala,a.ochoa@email.com
2859,charissa,lang,5111631428,Egypt,El Mansura,1,Debt Card,c.lang@email.com
2860,nadine,flores,5786040736,United Arab Emirates,Abu Dhabi,8,Debt Card,n.flores@email.com
2861,fulton,harper,5186767207,Saudi Arabia,Al Mubarraz,6,Western Union,f.harper@email.com
2862,jerome,tucker,5897555878,United Arab Emirates,Dubai,3,Debt Card,j.tucker@email.com
2863,shannon,witt,5328052786,Egypt,El Mansura,6,Hawala,s.witt@email.com
2864,candice,jennings,5895592454,Saudi Arabia,Al-Qatif,1,Master Card,c.jennings@email.com
2865,reagan,parrish,5429377745,Saudi Arabia,Al-Hillah,5,Master Card,r.parrish@email.com
2866,ezra,ortega,5222704588,Syria,Al Qunaytirah,10,Master Card,e.ortega@email.com
2867,daria,goff,5559557810,Iraq,An Nasiriyah,4,Master Card,d.goff@email.com
2868,angelica,le,5501988411,Iraq,Irbil,8,Hawala,a.le@email.com
2869,mackenzie,watson,5452030066,Egypt,El Daba,3,Hawala,m.watson@email.com
2870,dorian,graham,5128425777,Saudi Arabia,Abha,6,Debt Card,d.graham@email.com
2871,sheila,torres,5467581669,Saudi Arabia,Al Qunfudhah,8,Hawala,s.torres@email.com
2872,giselle,rodriquez,5833082787,United Arab Emirates,Umm al Qaywayn,2,Master Card,g.rodriquez@email.com
2873,dorian,sharp,5231778032,Saudi Arabia,Al Jubayl,5,Hawala,d.sharp@email.com
2874,rahim,cherry,5482773648,Saudi Arabia,Al Kharj,5,Debt Card,r.cherry@email.com
2875,geraldine,ferrell,5443711825,United Arab Emirates,Abu Dhabi,7,Hawala,g.ferrell@email.com
2876,kitra,glover,5112032361,Syria,Al Qunaytirah,5,Master Card,k.glover@email.com
2877,mufutau,patterson,5099275329,Iraq,Baghdad,9,Hawala,m.patterson@email.com
2878,igor,lynn,5090760175,United Arab Emirates,Al Fujayrah,1,Western Union,i.lynn@email.com
2879,whitney,caldwell,5596462149,Saudi Arabia,Al Hufuf,6,Hawala,w.caldwell@email.com
2880,jordan,alexander,5275320729,Saudi Arabia,Al Quwayiyah,4,Hawala,j.alexander@email.com
2881,ulric,anderson,5333743654,United Arab Emirates,Dubai,9,Hawala,u.anderson@email.com
2882,brynn,palmer,5866006996,Syria,Ar Raqqah,5,Western Union,b.palmer@email.com
2883,beverly,jennings,5395636672,Saudi Arabia,Al Mubarraz,6,Debt Card,b.jennings@email.com
2884,isadora,velazquez,5137352065,Egypt,El Mansura,10,Hawala,i.velazquez@email.com
2885,ingrid,payne,5160834009,Syria,Al Qunaytirah,9,Hawala,i.payne@email.com
2886,steel,blevins,5195377756,Saudi Arabia,Jeddah,7,Master Card,s.blevins@email.com
2887,rama,quinn,5946127632,Saudi Arabia,Al-Hillah,7,Hawala,r.quinn@email.com
2888,cade,pope,5020872283,Saudi Arabia,Ad Damman,2,Hawala,c.pope@email.com
2889,julie,cantu,5187380456,Iraq,Baghdad,8,Master Card,j.cantu@email.com
2890,quinlan,heath,5703077202,Saudi Arabia,Al-Qatif,3,Debt Card,q.heath@email.com
2891,buffy,franco,5868598877,Saudi Arabia,Al Jubayl,1,Hawala,b.franco@email.com
2892,kaden,carver,5267263511,Iraq,Baghdad,1,Hawala,k.carver@email.com
2893,lani,taylor,5496122466,Syria,Al Qamishli,3,Debt Card,l.taylor@email.com
2894,callie,rivers,5297333277,Saudi Arabia,Al Hufuf,3,Debt Card,c.rivers@email.com
2895,ulysses,vaughan,5540162985,Saudi Arabia,Al Jubayl,7,Hawala,u.vaughan@email.com
2896,armand,boyle,5870896613,Egypt,Siwa,2,Debt Card,a.boyle@email.com
2897,walter,duke,5898711914,Syria,Dayr az Zawr,6,Hawala,w.duke@email.com
2898,sarah,taylor,5579541370,Saudi Arabia,Al Jubayl,7,Debt Card,s.taylor@email.com
2899,yael,sweet,5390911122,Egypt,El Mansura,5,Hawala,y.sweet@email.com
2900,sonya,brown,5579847687,Saudi Arabia,Ad Damman,4,Master Card,s.brown@email.com
2901,mona,perkins,5153884060,United Arab Emirates,`Ajman,6,Western Union,m.perkins@email.com
2902,sylvester,james,5641685174,United Arab Emirates,Umm al Qaywayn,7,Hawala,s.james@email.com
2903,lila,mckee,5114768707,Syria,Ath Thawrah,10,Hawala,l.mckee@email.com
2904,zenia,sloan,5097082376,Saudi Arabia,Ad Damman,1,Hawala,z.sloan@email.com
2905,xander,bates,5305005788,United Arab Emirates,Abu Dhabi,1,Hawala,x.bates@email.com
2906,diana,aguirre,5047429662,Iraq,An Nasiriyah,4,Hawala,d.aguirre@email.com
2907,suki,martinez,5919701411,Saudi Arabia,Al Wajh,8,Hawala,s.martinez@email.com
2908,candice,quinn,5555618461,Iraq,An Nasiriyah,8,Western Union,c.quinn@email.com
2909,rajah,schneider,5085812761,United Arab Emirates,Al Fujayrah,3,Hawala,r.schneider@email.com
2910,herrod,rios,5152140482,Egypt,Siwa,7,Western Union,h.rios@email.com
2911,ross,henson,5639545044,Saudi Arabia,Al-Qatif,7,Master Card,r.henson@email.com
2912,sylvia,graves,5646018543,Saudi Arabia,Al Hufuf,5,Hawala,s.graves@email.com
2913,stacy,le,5649784082,United Arab Emirates,Dubai,2,Hawala,s.le@email.com
2914,idona,woods,5919798085,United Arab Emirates,Abu Dhabi,1,Debt Card,i.woods@email.com
2915,maisie,hood,5142697276,Saudi Arabia,Jeddah,8,Debt Card,m.hood@email.com
2916,charissa,gould,5424141904,United Arab Emirates,Dubai,10,Western Union,c.gould@email.com
2917,minerva,grimes,5356010768,United Arab Emirates,Umm al Qaywayn,2,Debt Card,m.grimes@email.com
2918,ina,reilly,5512504716,Saudi Arabia,Al Jubayl,4,Master Card,i.reilly@email.com
2919,benedict,carney,5704179980,Egypt,Hurghada,10,Debt Card,b.carney@email.com
2920,samantha,humphrey,5637556861,Iraq,An Nasiriyah,4,Hawala,s.humphrey@email.com
2921,melvin,roberson,5549792747,Syria,Damascus,9,Master Card,m.roberson@email.com
2922,paula,leonard,5250761598,Saudi Arabia,Al-Qatif,1,Debt Card,p.leonard@email.com
2923,cathleen,goodman,5203297816,United Arab Emirates,Al Fujayrah,2,Hawala,c.goodman@email.com
2924,karleigh,moody,5038827450,United Arab Emirates,Al Ayn,10,Debt Card,k.moody@email.com
2925,george,norman,5137590417,Egypt,El Mansura,8,Master Card,g.norman@email.com
2926,price,beck,5430792769,United Arab Emirates,Dubai,8,Master Card,p.beck@email.com
2927,anne,maxwell,5898007905,Syria,Ar Raqqah,10,Hawala,a.maxwell@email.com
2928,chanda,lindsey,5128168319,Saudi Arabia,Al Jubayl,8,Western Union,c.lindsey@email.com
2929,chester,malone,5258189882,Syria,Al Qamishli,9,Debt Card,c.malone@email.com
2930,hanna,brock,5093324962,Syria,Ar Raqqah,1,Western Union,h.brock@email.com
2931,buffy,moses,5622466288,Egypt,Suez,1,Western Union,b.moses@email.com
2932,beatrice,jenkins,5323967144,Syria,Damascus,5,Debt Card,b.jenkins@email.com
2933,rhiannon,kirby,5019978180,Saudi Arabia,Al-Hillah,1,Hawala,r.kirby@email.com
2934,raya,watkins,5271414433,Syria,Dayr az Zawr,4,Hawala,r.watkins@email.com
2935,candice,farrell,5464388310,Saudi Arabia,Al Hufuf,2,Hawala,c.farrell@email.com
2936,maisie,cohen,5998245023,Syria,Dayr az Zawr,1,Hawala,m.cohen@email.com
2937,mufutau,buckley,5766875826,Egypt,Hurghada,9,Hawala,m.buckley@email.com
2938,yael,abbott,5095744102,Saudi Arabia,Ad Damman,3,Master Card,y.abbott@email.com
2939,madeson,knowles,5881782904,Saudi Arabia,Ad Damman,10,Western Union,m.knowles@email.com
2940,kathleen,mays,5017981091,Saudi Arabia,Al Wajh,1,Western Union,k.mays@email.com
2941,xandra,marquez,5873788655,Syria,Al Ladhiqiyah,3,Hawala,x.marquez@email.com
2942,zahir,fisher,5403158981,Iraq,An Nasiriyah,3,Hawala,z.fisher@email.com
2943,jordan,mcclain,5380433518,Iraq,Baghdad,4,Hawala,j.mcclain@email.com
2944,keelie,blackwell,5978149013,United Arab Emirates,Al Ayn,6,Master Card,k.blackwell@email.com
2945,byron,wooten,5861396097,United Arab Emirates,Umm al Qaywayn,8,Master Card,b.wooten@email.com
2946,quincy,terry,5689318732,Iraq,Baghdad,3,Hawala,q.terry@email.com
2947,aspen,bishop,5340127189,Saudi Arabia,Ad Damman,10,Debt Card,a.bishop@email.com
2948,sean,york,5650843318,Saudi Arabia,Al-Hillah,9,Hawala,s.york@email.com
2949,paula,browning,5232017904,United Arab Emirates,Dubai,8,Master Card,p.browning@email.com
2950,price,burris,5697962467,Egypt,Cairo,5,Master Card,p.burris@email.com
2951,harper,carpenter,5606703282,Iraq,Baghdad,5,Master Card,h.carpenter@email.com
2952,imogene,guy,5453997041,Iraq,An Nasiriyah,3,Hawala,i.guy@email.com
2953,laurel,gordon,5787523998,Syria,Dayr az Zawr,2,Debt Card,l.gordon@email.com
2954,abra,mills,5973490603,Saudi Arabia,Al Mubarraz,5,Western Union,a.mills@email.com
2955,taylor,house,5101062529,United Arab Emirates,Umm al Qaywayn,2,Debt Card,t.house@email.com
2956,yen,bridges,5507972482,Saudi Arabia,Al-Hillah,7,Debt Card,y.bridges@email.com
2957,haviva,mejia,5841582623,Saudi Arabia,Riyadh,9,Western Union,h.mejia@email.com
2958,shana,jarvis,5576367923,Saudi Arabia,Al Hufuf,7,Master Card,s.jarvis@email.com
2959,malachi,terry,5754743379,Iraq,Irbil,10,Hawala,m.terry@email.com
2960,anika,sullivan,5225997809,United Arab Emirates,Al Fujayrah,5,Debt Card,a.sullivan@email.com
2961,john,garrison,5396091450,Egypt,Cairo,2,Master Card,j.garrison@email.com
2962,alexis,madden,5504433235,Syria,Al Ladhiqiyah,10,Hawala,a.madden@email.com
2963,bryar,green,5743891431,Saudi Arabia,Al Hufuf,6,Debt Card,b.green@email.com
2964,maryam,young,5798436860,Syria,Dayr az Zawr,6,Hawala,m.young@email.com
2965,jamal,james,5151394462,Syria,Aleppo,9,Hawala,j.james@email.com
2966,jarrod,casey,5394800741,Syria,Al Qamishli,4,Debt Card,j.casey@email.com
2967,warren,chaney,5298452572,Saudi Arabia,Riyadh,6,Western Union,w.chaney@email.com
2968,yardley,mills,5482596302,Saudi Arabia,Jeddah,5,Hawala,y.mills@email.com
2969,alexander,macias,5261066191,Iraq,Mosul,4,Western Union,a.macias@email.com
2970,illana,knox,5883289594,Syria,Aleppo,10,Master Card,i.knox@email.com
2971,angelica,mosley,5372462988,Iraq,An Najaf,8,Master Card,a.mosley@email.com
2972,tana,conley,5806389282,Saudi Arabia,Riyadh,8,Hawala,t.conley@email.com
2973,anastasia,vance,5854782734,Egypt,Siwa,4,Master Card,a.vance@email.com
2974,vivien,gilmore,5399879603,Syria,Al Ladhiqiyah,2,Western Union,v.gilmore@email.com
2975,kennedy,reid,5188561059,Syria,Al Ladhiqiyah,6,Western Union,k.reid@email.com
2976,jasper,townsend,5340760437,Syria,Damascus,6,Master Card,j.townsend@email.com
2977,scott,short,5994782656,United Arab Emirates,Al Fujayrah,3,Hawala,s.short@email.com
2978,geraldine,bentley,5931360462,Saudi Arabia,Riyadh,1,Hawala,g.bentley@email.com
2979,adena,pope,5857327060,Saudi Arabia,Al Quwayiyah,8,Debt Card,a.pope@email.com
2980,branden,daniel,5578895778,Iraq,An Nasiriyah,1,Western Union,b.daniel@email.com
2981,naida,head,5272595348,Syria,Dayr az Zawr,3,Master Card,n.head@email.com
2982,bo,ochoa,5113246259,United Arab Emirates,`Ajman,4,Hawala,b.ochoa@email.com
2983,jillian,tucker,5689127808,Saudi Arabia,Al Hufuf,8,Hawala,j.tucker@email.com
2984,cherokee,waller,5098139067,Saudi Arabia,Al Jubayl,10,Hawala,c.waller@email.com
2985,rebekah,dodson,5904941584,Saudi Arabia,Al Mubarraz,7,Hawala,r.dodson@email.com
2986,nita,farley,5822345225,Iraq,Baghdad,9,Master Card,n.farley@email.com
2987,barrett,vega,5281373591,Saudi Arabia,Abha,2,Hawala,b.vega@email.com
2988,denton,craig,5089210312,United Arab Emirates,Al Ayn,1,Master Card,d.craig@email.com
2989,chloe,strickland,5980579601,Saudi Arabia,Al Hufuf,1,Hawala,c.strickland@email.com
2990,nayda,ryan,5438953479,Saudi Arabia,Jeddah,3,Debt Card,n.ryan@email.com
2991,ifeoma,estes,5948547102,Saudi Arabia,Al-Hillah,6,Hawala,i.estes@email.com
2992,marshall,stafford,5857987171,Saudi Arabia,Riyadh,2,Hawala,m.stafford@email.com
2993,rhoda,bernard,5630114564,United Arab Emirates,Umm al Qaywayn,9,Hawala,r.bernard@email.com
2994,dieter,marks,5015404338,Syria,Ath Thawrah,1,Debt Card,d.marks@email.com
2995,jackson,stanley,5990297098,Saudi Arabia,Al Kharj,10,Hawala,j.stanley@email.com
2996,lydia,morgan,5393567413,Egypt,Cairo,2,Western Union,l.morgan@email.com
2997,mary,summers,5609245372,Syria,Aleppo,1,Hawala,m.summers@email.com
2998,zena,barnes,5850603654,Syria,Al Qamishli,1,Hawala,z.barnes@email.com
2999,quyn,suarez,5487050518,Syria,Al Qamishli,6,Master Card,q.suarez@email.com
